datetime,open,high,low,close,volume,BBANDS_lower_SMA,BBANDS_mid_SMA,BBANDS_upper_SMA,BBANDS_lower_EMA,BBANDS_mid_EMA,BBANDS_upper_EMA,RSI,MACD,MACD_hist,MACD_signal,BBands_SMA_result,BBands_EMA_result,RSI_result,MACD_result
2025-08-04 10:03:00-04:00,241.61,241.99,241.377,241.46,90582.0,238.7665387403435,240.41302000000002,242.05950125965654,238.80424356566655,240.45072482532308,242.0972060849796,70.63133190708425,0.881628911782883,0.044621693510821236,0.8370072182720618,hold,hold,sell,hold
2025-08-04 10:04:00-04:00,241.53,241.925,241.35,241.76,59398.0,238.8103128417319,240.51802000000004,242.22572715826817,238.86771054083368,240.57541769910182,242.28312485736996,73.23459351461176,0.8786833474167679,0.03334090331576478,0.8453424441010031,hold,hold,sell,hold
2025-08-04 10:05:00-04:00,241.78,242.25,241.58,241.79,90570.0,238.8679600300046,240.62102,242.37407996999536,238.9380322339539,240.69109220394927,242.44415217394464,73.48767828207907,0.8687552460197878,0.01873024153502767,0.8500250044847601,hold,hold,sell,hold
2025-08-04 10:06:00-04:00,241.775,242.08,241.68,241.995,67600.0,238.9388964393527,240.735745,242.5325935606473,239.01842533816395,240.81527389881126,242.61212245945856,75.21249245661772,0.8674297506686628,0.013923796947122091,0.8535059537215407,hold,hold,sell,hold
2025-08-04 10:07:00-04:00,241.99,242.22,241.8162,242.16,54065.0,238.97841793219115,240.84374499999998,242.70907206780882,239.07801598349658,240.94334305130542,242.80867011911425,76.53566813778487,0.8696684109984858,0.012929965821556033,0.8567384451769298,hold,hold,sell,hold
2025-08-04 10:08:00-04:00,242.11,242.1576,241.65,241.73,74177.0,239.1194040622674,240.94524500000003,242.77108593773266,239.19242182297225,241.01826276070489,242.84410369843752,66.56349195294125,0.8272096017298338,-0.023623074757676887,0.8508326764875107,hold,hold,hold,buy
2025-08-04 10:09:00-04:00,241.73,241.78,241.06,241.2042,74014.0,239.35356501848548,241.035955,242.71834498151452,239.35358108769466,241.03597106920918,242.7183610507237,56.815221325007116,0.7425731032802503,-0.08660765856580832,0.8291807618460586,hold,hold,hold,hold
2025-08-04 10:10:00-04:00,241.2042,241.528,241.0101,241.055,46468.0,239.58841963832543,241.114205,242.63999036167456,239.51199798665758,241.03778334833214,242.5635687100067,54.381474575735176,0.655898090497459,-0.13862613707887972,0.7945242275763387,hold,hold,hold,hold
2025-08-04 10:11:00-04:00,241.06,241.39,240.86,240.9963,64795.0,239.89823217913323,241.19626999999997,242.4943078208667,239.73579473238615,241.0338325532529,242.33187037411963,53.41207222022526,0.5758330737531594,-0.17495292305854337,0.7507859968117028,hold,hold,hold,hold
2025-08-04 10:12:00-04:00,240.95,241.5899,240.75,241.55,137972.0,240.21933255791302,241.29427,242.369207442087,240.008053915618,241.082991357705,242.157928799792,60.55485932721665,0.5507116723295269,-0.16005945958574075,0.7107711319152676,hold,hold,hold,hold
2025-08-04 10:13:00-04:00,241.545,241.5861,240.81,241.1364,56489.0,240.4531977050639,241.35159,242.24998229493607,240.18968560013033,241.08807789506642,241.9864701900025,53.906341185558645,0.491760013979615,-0.17520889434852216,0.6669689083281372,hold,hold,hold,hold
2025-08-04 10:14:00-04:00,241.135,241.4,240.945,241.02,51864.0,240.5904363506917,241.384325,242.17821364930828,240.28770563670417,241.08159428601246,241.87548293532075,52.17031430554436,0.430683244457839,-0.18902853109623852,0.6197117755540775,hold,hold,hold,hold
2025-08-04 10:15:00-04:00,240.96,241.04,240.33,240.3565,133367.0,240.49800356608606,241.3659,242.23379643391397,240.14464125343065,241.0125376873446,241.88043412125856,43.55903840957491,0.32499422851390136,-0.235774037632141,0.5607682661460424,buy,hold,hold,hold
2025-08-04 10:16:00-04:00,240.37,241.07,240.26,240.9143,40109.0,240.50343839472734,241.36761499999997,242.2317916052726,240.13900511184866,241.0031817171213,241.86735832239393,50.89698396490527,0.28298267210752215,-0.22222847523081624,0.5052111473383384,hold,hold,hold,hold
2025-08-04 10:17:00-04:00,241.0,241.0,240.5,240.5,33968.0,240.40168527315498,241.338515,242.27534472684502,240.018429921979,240.955259648824,241.89208937566903,46.10266205729316,0.21379318863122876,-0.23313436696568773,0.4469275555969165,hold,hold,hold,hold
2025-08-04 10:18:00-04:00,240.62,240.7,240.5,240.585,58642.0,240.3478715248639,241.323015,242.2981584751361,239.9448533499904,240.9199968251265,241.8951403002626,47.20152913862092,0.1639291410229191,-0.22639873165919794,0.39032787268211705,hold,hold,hold,hold
2025-08-04 10:19:00-04:00,240.585,240.585,239.92,240.16,68735.0,240.1659391349659,241.265015,242.36409086503411,239.74854031008036,240.84761617511447,241.94669204014858,42.53223976897093,0.08909059499333694,-0.2409898221510241,0.33008041714436104,buy,hold,hold,hold
2025-08-04 10:20:00-04:00,240.1343,240.2373,239.7,239.815,69531.0,239.9206237445897,241.17738500000002,242.43414625541033,239.49251052207418,240.7492717774845,242.0060330328948,39.1468664027754,0.0019197615514485733,-0.26252852447432995,0.2644482860257785,buy,hold,hold,hold
2025-08-04 10:21:00-04:00,239.8632,239.94,239.27,239.62,75391.0,239.66990117336695,241.074885,242.47986882663304,239.23673825775768,240.64172208439072,242.04670591102376,37.337868588227835,-0.08195390865569152,-0.27712175574517606,0.1951678470894845,buy,hold,hold,hold
2025-08-04 10:22:00-04:00,239.565,240.2635,239.5609,240.0957,58628.0,239.55828135142613,240.99517,242.43205864857387,239.15283133254155,240.58971998111542,242.0266086296893,44.12159414315147,-0.1087853721096792,-0.24316257535933097,0.13437720324965177,hold,hold,hold,hold
2025-08-04 10:23:00-04:00,240.07,240.18,239.6656,239.83,45049.0,239.40821630479698,240.91367,242.419123695203,239.01191200199665,240.51736569719966,242.02281939240268,41.42410720751823,-0.14976289621625938,-0.22731207957272892,0.07754918335646954,hold,hold,hold,hold
2025-08-04 10:24:00-04:00,239.71,239.9499,239.54,239.866,81450.0,239.30015926116502,240.81896999999998,242.33778073883494,238.93652013006,240.45533086889495,241.9741416077299,41.942030717847636,-0.17728929947676875,-0.20387078626659064,0.026581486789821883,hold,hold,hold,hold
2025-08-04 10:25:00-04:00,239.88,239.88,239.38,239.58,37844.0,239.16692060397003,240.70846999999998,242.25001939602993,238.83041662820835,240.3719660242383,241.91351542026825,38.99235425848665,-0.21964999377516392,-0.19698518445198865,-0.022664809323175276,hold,hold,hold,hold
2025-08-04 10:26:00-04:00,239.4028,240.1604,239.4028,240.1604,30988.0,239.17737860493614,240.61674000000002,242.0561013950639,238.91245548400886,240.35181687907274,241.79117827413663,47.11996208889773,-0.20403572299727557,-0.14509673093928022,-0.05893899205799534,hold,hold,hold,hold
2025-08-04 10:27:00-04:00,239.98,240.22,239.98,240.15,36091.0,239.25188277769286,240.51624,241.78059722230716,239.0682390016158,240.33259622392296,241.59695344623012,46.99913648579121,-0.19030675617133852,-0.10509421129067453,-0.08521254488066399,hold,hold,hold,hold
2025-08-04 10:28:00-04:00,240.1965,240.24,240.0,240.1,25264.0,239.2892974367956,240.43473999999998,241.58018256320435,239.1650016393926,240.31044420259698,241.45588676580135,46.383339720297755,-0.181370309157586,-0.0769262114215376,-0.1044440977360484,hold,hold,hold,hold
2025-08-04 10:29:00-04:00,240.16,240.26,239.98,240.2,40908.0,239.29157010851256,240.38452999999998,241.4774898914874,239.2069658156241,240.29992570711153,241.39288559859895,47.85489226085848,-0.16432471324475273,-0.047904492406963456,-0.11642022083778927,hold,hold,hold,hold
2025-08-04 10:30:00-04:00,240.215,240.2899,239.965,240.0144,30225.0,239.2736203656694,240.33250000000004,241.3913796343307,239.21385314829405,240.2727327826247,241.33161241695535,45.36620067844615,-0.16390295333306426,-0.03798618599621997,-0.1259167673368443,hold,hold,hold,hold
2025-08-04 10:31:00-04:00,240.12,240.19,239.975,240.1,22765.0,239.2699042254222,240.287685,241.3054657745778,239.23850126684457,240.25628204142237,241.27406281600017,46.74186096299991,-0.15487618470325515,-0.0231675338931287,-0.13170865081012645,hold,hold,hold,hold
2025-08-04 10:32:00-04:00,240.15,240.2238,239.9201,240.115,29965.0,239.37774549571105,240.215935,241.05412450428895,239.404637104617,240.24282660890594,241.0810161131949,46.993732560922574,-0.14484237811635126,-0.010506981844979835,-0.13433539627137142,hold,hold,hold,hold
2025-08-04 10:33:00-04:00,240.15,240.35,240.115,240.35,53850.0,239.44824633160457,240.176615,240.90498366839543,239.52466493013853,240.25303359853396,240.9814022669294,50.9106279568533,-0.11658406950138556,0.014201061415988703,-0.13078513091737426,hold,hold,hold,sell
2025-08-04 10:34:00-04:00,240.31,240.3685,240.11,240.27,25274.0,239.51913079286237,240.13911500000003,240.7590992071377,239.63466523915497,240.25464944629263,240.8746336534303,49.567797508896874,-0.09949754201664973,0.02503007112057963,-0.12452761313722936,hold,hold,hold,hold
2025-08-04 10:35:00-04:00,240.31,240.75,240.12,240.71,35564.0,239.49432378682374,240.15679,240.81925621317626,239.63554995251707,240.29801616569333,240.96048237886959,56.38214672708999,-0.04987707128626084,0.05972043348077481,-0.10959750476703566,hold,hold,hold,hold
2025-08-04 10:36:00-04:00,240.71,240.9,240.6,240.81,37842.0,239.5117898176926,240.151575,240.79136018230741,239.706991348558,240.3467765308654,240.98656171317282,57.77845894650347,-0.002455026454356357,0.08571398265014345,-0.0881690091044998,sell,hold,hold,hold
2025-08-04 10:37:00-04:00,240.8,240.8999,240.57,240.645,27752.0,239.50039620392553,240.15882500000004,240.81725379607454,239.7167499699466,240.3751787660211,241.0336075620956,54.668707454350915,0.021564581621390744,0.08778687258071244,-0.0662222909593217,hold,hold,hold,hold
2025-08-04 10:38:00-04:00,240.645,240.98,240.645,240.8554,21274.0,239.46983831825233,240.172345,240.87485168174769,239.71840743989046,240.42091412163813,241.1234208033858,57.788575417820994,0.05692165824345352,0.09851515936222018,-0.041593501118766654,hold,hold,hold,hold
2025-08-04 10:39:00-04:00,240.79,241.305,240.7601,241.165,45532.0,239.3976964014437,240.222595,241.04749359855631,239.6668808448306,240.4917794433869,241.3166780419432,61.93956600165437,0.10867182758275362,0.12021226296121623,-0.011540435378462603,sell,hold,hold,hold
2025-08-04 10:40:00-04:00,241.165,241.419,241.04,241.335,34359.0,239.36499126291437,240.29859499999998,241.23219873708558,239.6384824259787,240.5720861630643,241.50568990014992,64.0311756417333,0.16153966022656618,0.13846407648402304,0.023075583742543156,sell,hold,hold,hold
2025-08-04 10:41:00-04:00,241.335,241.42,241.0201,241.0301,33127.0,239.4381575764311,240.36909999999997,241.30004242356884,239.6847641049179,240.61570652848675,241.54664895205562,57.88677610172614,0.1767969118965027,0.12297706252316763,0.053819849373335074,hold,hold,hold,hold
2025-08-04 10:42:00-04:00,241.11,241.14,240.89,240.9447,26103.0,239.45721287612795,240.41154999999998,241.365887123872,239.69270211618743,240.64703924005946,241.60137636393148,56.25837901582492,0.17992328386702638,0.10088274759495304,0.07904053627207334,hold,hold,hold,hold
2025-08-04 10:43:00-04:00,240.965,240.98,240.74,240.93,24429.0,239.5259239605984,240.46655,241.40717603940163,239.73336184446168,240.6739878838633,241.61461392326493,55.966533176308836,0.1791496632300209,0.08008730156635804,0.09906236166366286,hold,hold,hold,hold
2025-08-04 10:44:00-04:00,240.93,241.26,240.8,241.1692,58224.0,239.58597991821114,240.53171000000003,241.47744008178893,239.7754208607541,240.721150942543,241.6668810243319,59.635891939694886,0.19558344007307937,0.0772168627275332,0.11836657734554618,hold,hold,hold,hold
2025-08-04 10:45:00-04:00,241.06,241.18,240.6,240.73,39320.0,239.7478457580688,240.58921,241.43057424193123,239.88062946798865,240.72199370991987,241.5633579518511,51.199464848272406,0.17119413771280279,0.04226204829380528,0.1289320894189975,hold,hold,hold,hold
2025-08-04 10:46:00-04:00,240.6907,240.99,240.6781,240.86,21640.0,239.7990298775992,240.62419,241.4493501224008,239.90997704371716,240.73513716611797,241.56029728851877,53.30511331577057,0.16050514996371135,0.025258448435771075,0.13524670152794027,hold,hold,hold,hold
2025-08-04 10:47:00-04:00,240.89,241.09,240.8204,241.0828,47934.0,239.8527337560283,240.67082999999997,241.48892624397163,239.9501516682303,240.76824791220196,241.58634415617362,56.74947820089483,0.1680746877675574,0.026262388991693697,0.1418122987758637,hold,hold,hold,hold
2025-08-04 10:48:00-04:00,241.13,241.17,240.9,240.95,18939.0,239.93072264991918,240.71333000000004,241.4959373500809,240.00295028476853,240.7855576348494,241.56816498493026,54.18394284791913,0.16149612407807012,0.015747060241765115,0.145749063836305,hold,hold,hold,hold
2025-08-04 10:49:00-04:00,240.985,241.42,240.9673,241.37,28261.0,239.97664019599048,240.77183,241.5670198040095,240.04602900847325,240.84121881248277,241.63640861649228,60.297206112357784,0.18800584057115088,0.033805421387876705,0.15420041918327418,hold,hold,hold,hold
2025-08-04 10:50:00-04:00,241.31,241.6,241.21,241.22,28011.0,240.09507313552118,240.83210999999997,241.56914686447877,240.14025634681514,240.87729321129393,241.61433007577273,57.35383836239119,0.19466723280280007,0.032373450895620715,0.16229378190717936,hold,hold,hold,hold
2025-08-04 10:51:00-04:00,241.18,241.47,240.86,241.41,51704.0,240.200719262796,240.89761000000004,241.59450073720407,240.23113645396668,240.9280271911707,241.62491792837474,60.01626542275744,0.21282453745379826,0.04042460443729512,0.17239993301650314,hold,hold,hold,hold
2025-08-04 10:52:00-04:00,241.4,241.57,241.25,241.265,16752.0,240.34116285276266,240.95510999999996,241.56905714723726,240.34617269239334,240.96011983963064,241.57406698686793,57.08715814004734,0.21305804351990787,0.03252648840272376,0.1805315551171841,hold,hold,hold,hold
2025-08-04 10:53:00-04:00,241.265,241.39,241.13,241.36,13808.0,240.4343958023466,241.00561000000002,241.57682419765345,240.4269894667743,240.99820366442773,241.56941786208117,58.51569171012617,0.21839132555439278,0.030287816349766933,0.18810350920462585,hold,hold,hold,hold
2025-08-04 10:54:00-04:00,241.3,241.4,240.9,241.03,27872.0,240.58273667727357,241.04361,241.50448332272643,240.54035856413677,241.0012318868632,241.46210520958962,52.035631756238004,0.19375624651524959,0.004522189848499003,0.18923405666675058,hold,hold,hold,hold
2025-08-04 10:55:00-04:00,241.0252,241.03,240.51,240.595,28429.0,240.55800269871045,241.03786,241.51771730128954,240.48268583444383,240.96254313573337,241.4424004370229,44.966645014449426,0.1375463555698957,-0.041350160877483916,0.1788965164473796,hold,hold,hold,buy
2025-08-04 10:56:00-04:00,240.542,240.66,240.449,240.5508,34175.0,240.50851580581815,241.02490000000003,241.5412841941819,240.40694530957688,240.92332950375877,241.43971369794065,44.3079928725883,0.08841386146093555,-0.07238612398915525,0.1607999854500908,hold,hold,hold,hold
2025-08-04 10:57:00-04:00,240.54,240.65,240.4014,240.48,21612.0,240.47176580496318,241.01664999999997,241.56153419503676,240.33622345122114,240.88110764625793,241.42599184129472,43.21603419280237,0.043264313524161935,-0.09402853754074311,0.13729285106490505,hold,hold,hold,hold
2025-08-04 10:58:00-04:00,240.49,240.49,239.83,239.895,78133.0,240.23781228237075,240.96863000000002,241.69944771762928,240.05637491469932,240.78719263232858,241.51801034995785,35.44342103945398,-0.039268971195838276,-0.14124945780859466,0.10198048661275638,buy,buy,hold,hold
2025-08-04 10:59:00-04:00,239.857,240.0999,239.83,239.9,60071.0,240.0458603280897,240.90538,241.7648996719103,239.84317842400603,240.70269809591633,241.56221776782664,35.55011580310685,-0.10308543106251022,-0.1640527341402133,0.06096730307770307,buy,hold,hold,hold
2025-08-04 11:00:00-04:00,240.0,240.46,239.9,240.34,29268.0,239.98621062110354,240.85563000000002,241.7250493788965,239.7987360412183,240.66815542011477,241.53757479901125,44.27778583654715,-0.1168096041083686,-0.14222152574885732,0.025411921640488735,hold,hold,hold,hold
2025-08-04 11:01:00-04:00,240.465,240.7399,240.44,240.655,21354.0,239.96713620041666,240.83687500000002,241.70661379958338,239.79716372337762,240.66690252296098,241.53664132254434,49.545460938120904,-0.10110279263022903,-0.10121177141657421,0.00010897878634518257,hold,hold,hold,hold
2025-08-04 11:02:00-04:00,240.73,240.96,240.6572,240.875,25523.0,239.9648495832083,240.83339,241.70193041679173,239.81818091350632,240.68672133029804,241.55526174708976,52.89477957816589,-0.07009486007464716,-0.05616307108879387,-0.013931788985853287,hold,hold,hold,hold
2025-08-04 11:03:00-04:00,240.8784,240.96,240.54,240.54,22182.0,239.93742534264027,240.81389,241.6903546573597,239.79628321290994,240.67274787026966,241.54921252762938,47.70200287897819,-0.07172574072114912,-0.04623516138823667,-0.025490579332912454,hold,hold,hold,hold
2025-08-04 11:04:00-04:00,240.7114,240.7114,240.1901,240.285,25764.0,239.88025991567497,240.76967999999997,241.65910008432496,239.74639941734756,240.63581950167256,241.52523958599755,44.149059028280874,-0.09252798919663974,-0.053629927890981824,-0.03889806130565791,hold,hold,hold,hold
2025-08-04 11:05:00-04:00,240.285,240.4,240.02,240.11,32214.0,239.80382989094474,240.73868000000002,241.6735301090553,239.65089134483895,240.58574145389423,241.5205915629495,41.84558195756345,-0.12173171105982306,-0.0662669198033321,-0.055464791256490946,hold,hold,hold,hold
2025-08-04 11:06:00-04:00,240.13,240.31,240.06,240.06,38564.0,239.72055816382587,240.69867999999997,241.67680183617406,239.55754900306354,240.53567083923764,241.51379267541174,41.18441373958599,-0.14721346794911483,-0.0733989413540991,-0.07381452659501572,hold,hold,hold,hold
2025-08-04 11:07:00-04:00,240.07,240.09,239.9001,240.0899,51218.0,239.6533057169614,240.649035,241.6447642830386,239.49748719055737,240.49321647359596,241.48894575663456,41.77685309304043,-0.16311497584868562,-0.07144035940293592,-0.0916746164457497,hold,hold,hold,hold
2025-08-04 11:08:00-04:00,240.16,240.3696,240.0001,240.0001,24223.0,239.57754730197888,240.60153999999997,241.62553269802106,239.4222603018991,240.44625299992018,241.47024569794127,40.458737118866296,-0.1808780948486799,-0.07136278272234416,-0.10951531212633574,hold,hold,hold,hold
2025-08-04 11:09:00-04:00,240.056,240.49,240.056,240.3184,19470.0,239.58178374015876,240.54896,241.51613625984123,239.46690026389606,240.4340765237373,241.40125278357854,46.858931550993276,-0.16734232660255088,-0.04626161158097211,-0.12108071502157877,hold,hold,hold,hold
2025-08-04 11:10:00-04:00,240.2,240.69,240.2,240.55,33899.0,239.59846370905854,240.51546000000002,241.4324562909415,239.52812056386847,240.44511685480995,241.36211314575144,50.98722900863678,-0.13635513123472265,-0.01221953297051509,-0.12413559826420756,hold,hold,hold,hold
2025-08-04 11:11:00-04:00,240.5,241.32,240.45,241.32,64630.0,239.61083903168492,240.51095999999998,241.41108096831505,239.6283180907987,240.52843905911377,241.42856002742883,61.65332074173101,-0.04909900801226286,0.06002927220155577,-0.10912828021381862,hold,hold,hold,sell
2025-08-04 11:12:00-04:00,241.23,241.6658,241.09,241.6423,25384.0,239.55459939558816,240.52982500000002,241.50505060441188,239.659295449072,240.63452105348387,241.60974665789573,65.0789302888837,0.04553412565789472,0.12372992469737068,-0.07819579903947596,sell,sell,hold,hold
2025-08-04 11:13:00-04:00,241.62,241.75,241.1067,241.1067,31222.0,239.57953415905888,240.51715999999996,241.45478584094104,239.74186463602052,240.6794904769616,241.61711631790268,56.108670448460124,0.0764320608620892,0.12370228792125212,-0.04727022705916292,hold,hold,hold,hold
2025-08-04 11:14:00-04:00,241.27,241.27,240.92,241.095,47195.0,239.5752757198046,240.52041,241.4655442801954,239.77392853229367,240.71906281248906,241.66419709268445,55.927320012805254,0.09883549088402788,0.11688457435455264,-0.018049083470524762,hold,hold,hold,hold
2025-08-04 11:15:00-04:00,241.0,241.1,240.755,240.91,26201.0,239.57619651236075,240.53615999999997,241.49612348763918,239.77728381889852,240.73724730653774,241.69721079417695,53.00979046565497,0.10050387063472499,0.0948423632841998,0.005661507350525188,hold,hold,hold,hold
2025-08-04 11:16:00-04:00,240.86,241.04,240.81,240.8736,26191.0,239.58110579490994,240.55229999999997,241.52349420509,239.77903907225365,240.75023327734368,241.7214274824337,52.43024504265657,0.09776195880826322,0.07368036116619042,0.024081597642072797,hold,hold,hold,hold
2025-08-04 11:17:00-04:00,240.925,240.96,240.72,240.89,24990.0,239.59132153156554,240.5728,241.55427846843446,239.7820659253527,240.76354439378716,241.74502286222162,52.681255464675544,0.09580790300336162,0.057381044289031055,0.03842685871433056,hold,hold,hold,hold
2025-08-04 11:18:00-04:00,240.855,241.01,240.84,240.875,12817.0,239.68367507015296,240.62179999999998,241.559924929847,239.83603428357944,240.77415921342646,241.71228414327348,52.40886138858169,0.09198853844964106,0.042849343788248395,0.04913919466139266,hold,hold,hold,hold
2025-08-04 11:19:00-04:00,240.82,240.8835,240.6,240.7752,13204.0,239.786397957143,240.66556,241.544722042857,239.8950962931003,240.77425833595728,241.65342037881427,50.53657901936145,0.07998660281981529,0.0246779265267381,0.05530867629307719,hold,hold,hold,hold
2025-08-04 11:20:00-04:00,240.61,240.77,240.4251,240.51,24572.0,239.80441707465621,240.67406,241.54370292534378,239.87944795004614,240.74909087538992,241.6187338007337,45.84923940807171,0.0485162931061609,-0.005433906549533032,0.053950199655693934,hold,hold,hold,buy
2025-08-04 11:21:00-04:00,240.53,240.6599,240.45,240.53,14092.0,239.7959151854722,240.66781,241.5397048145278,239.85633026320596,240.72822507773375,241.60011989226155,46.25410145639963,0.024902616913351494,-0.023238066193873953,0.04814068310722545,hold,hold,hold,hold
2025-08-04 11:22:00-04:00,240.51,240.8282,240.48,240.73,14343.0,239.79327786735774,240.66055999999998,241.5278421326422,239.86111198530736,240.7283941179496,241.59567625059182,50.25908691547701,0.022072498905743032,-0.020854547361185936,0.04292704626692897,hold,hold,hold,hold
2025-08-04 11:23:00-04:00,240.802,240.97,240.68,240.865,16533.0,239.8069972341702,240.67681000000002,241.54662276582982,239.8715914361246,240.7414042019544,241.6112169677842,52.8150108862868,0.030372862302556314,-0.010043347171498122,0.040416209474054436,hold,hold,hold,hold
2025-08-04 11:24:00-04:00,240.9111,241.0,240.72,240.765,24609.0,239.84926861662484,240.70081,241.55235138337514,239.89211003744074,240.7436514208159,241.59519280419104,50.735335143805365,0.028552658555867083,-0.009490840734549887,0.03804349929041697,hold,hold,hold,hold
2025-08-04 11:25:00-04:00,240.765,240.99,240.7581,240.9117,26349.0,239.92985916484812,240.740895,241.55193083515186,239.94862021225296,240.75965604740483,241.5706918825567,53.62055302833902,0.03850375067963796,0.0003682011113767883,0.03813554956826117,hold,hold,hold,sell
2025-08-04 11:26:00-04:00,240.945,241.4562,240.8689,241.25,39231.0,240.0240367670299,240.80039500000004,241.57675323297016,240.0299972384914,240.80635547146153,241.58271370443165,59.50967930546756,0.07284829578307495,0.027770196971851013,0.04507809881122393,hold,hold,hold,hold
2025-08-04 11:27:00-04:00,241.2386,241.3,240.85,241.0,53580.0,240.13776365154692,240.84590000000003,241.55403634845314,240.1166614590597,240.82479780751282,241.53293415596593,54.04798370007758,0.07898321521420826,0.027124093122387456,0.0518591220918208,hold,hold,hold,hold
2025-08-04 11:28:00-04:00,240.9392,240.99,240.81,240.82,19184.0,240.29377329082007,240.886895,241.48001670917995,240.23121916428406,240.824340873464,241.41746258264394,50.45726974878881,0.06853070804240247,0.013337268760465329,0.05519343928193714,hold,hold,hold,hold
2025-08-04 11:29:00-04:00,240.81,240.85,240.35,240.44,34134.0,240.32117852265816,240.89297499999998,241.4647714773418,240.21594050341133,240.78773698075315,241.35953345809497,43.83617584296441,0.029247054753483326,-0.020757107622763053,0.05000416237624638,hold,hold,hold,buy
2025-08-04 11:30:00-04:00,240.4,240.48,240.2,240.47,36604.0,240.30661565088596,240.888975,241.47133434911402,240.1751169668055,240.75747631591952,241.33983566503355,44.45585463167159,0.0005291263390461154,-0.039580028829760215,0.04010915516880633,hold,hold,hold,hold
2025-08-04 11:31:00-04:00,240.48,240.7358,240.435,240.59,25981.0,240.2916415920253,240.852475,241.4133084079747,240.18069278261913,240.74152619059385,241.30235959856856,46.97600846729314,-0.012404055482392096,-0.042010568520958746,0.029606513038566647,hold,hold,hold,hold
2025-08-04 11:32:00-04:00,240.585,240.9399,240.58,240.86,36368.0,240.3848033554353,240.81335999999996,241.2419166445646,240.32425276597263,240.75280941053728,241.18136605510193,52.22805851761738,-0.000857071946711585,-0.024370867988222588,0.023513796041511003,hold,hold,hold,hold
2025-08-04 11:33:00-04:00,240.85,240.92,240.66,240.77,53516.0,240.38947036546003,240.79652500000003,241.20357963454003,240.3473919749937,240.75444660953372,241.16150124407372,50.43477101955824,0.001019990047865349,-0.017995044794916523,0.019015034842781872,hold,hold,hold,hold
2025-08-04 11:34:00-04:00,240.715,240.9,240.715,240.82,28192.0,240.399069415599,240.782775,241.16648058440097,240.37698420517714,240.76068978957812,241.1443953739791,51.43248059287484,0.006467602835101616,-0.010037945606144207,0.016505548441245823,hold,hold,hold,hold
2025-08-04 11:35:00-04:00,240.7514,241.0,240.7514,240.85,43381.0,240.3991694620733,240.77977500000003,241.16038053792676,240.3885899859773,240.76919552390402,241.14980106183074,52.05606696339968,0.013055133049249434,-0.002760332313597111,0.015815465362846545,hold,hold,hold,hold
2025-08-04 11:36:00-04:00,240.77,240.9798,240.7275,240.905,94044.0,240.3989494588381,240.78134500000002,241.16374054116193,240.3997337423703,240.7821292835322,241.16452482469413,53.241394465457134,0.022454991387377277,0.0053116208196245865,0.01714337056775269,hold,hold,hold,sell
2025-08-04 11:37:00-04:00,240.87,240.91,240.45,240.475,14637.0,240.35945615882343,240.76059500000002,241.1617338411766,240.35174003440017,240.75287887557676,241.15401771675334,44.06820238076488,-0.0047383388763364565,-0.01750536755527132,0.012767028678934863,hold,hold,hold,buy
2025-08-04 11:38:00-04:00,240.48,240.5317,240.04,240.35,34510.0,240.29930928893654,240.734345,241.16938071106344,240.2794737477917,240.71450945885516,241.1495451699186,41.81288611430113,-0.035961166417706636,-0.0389825560773132,0.003021389659606564,hold,hold,hold,hold
2025-08-04 11:39:00-04:00,240.36,240.46,240.2022,240.34,39582.0,240.24554126639416,240.712585,241.17962873360582,240.2117981577393,240.67884189134514,241.14588562495098,41.62933532172584,-0.06081140262341478,-0.051066233826417076,-0.009745168796997704,hold,hold,hold,hold
2025-08-04 11:40:00-04:00,240.348,240.47,240.3,240.33,23564.0,240.21483969915252,240.70358499999998,241.19233030084743,240.15687355322672,240.64561885407417,241.13436415492163,41.433458976171444,-0.08038567426464738,-0.05651240437411974,-0.02387326989052764,hold,hold,hold,hold
2025-08-04 11:41:00-04:00,240.33,240.6642,240.33,240.6,18236.0,240.22237623269694,240.707085,241.19179376730307,240.15656543400215,240.6412742013052,241.12598296860827,48.481867608958645,-0.0732671044762867,-0.039515067668607254,-0.03375203680767945,hold,hold,hold,hold
2025-08-04 11:42:00-04:00,240.5596,240.6898,240.2901,240.37,25941.0,240.18285695938943,240.68908500000003,241.19531304061064,240.10921052247505,240.61543856308566,241.12166660369627,43.6614125665695,-0.08520250302410659,-0.04116037297314171,-0.044042130050964884,hold,hold,hold,hold
2025-08-04 11:43:00-04:00,240.295,240.33,240.1,240.1113,23223.0,240.09357917213458,240.65139999999997,241.20922082786535,240.0096045387359,240.5674253666013,241.12524619446668,38.96817982036266,-0.11421966709409048,-0.056142029634500476,-0.058077637459590006,hold,hold,hold,hold
2025-08-04 11:44:00-04:00,240.15,240.21,239.9003,240.07,59300.0,240.00725847889032,240.61665000000002,241.22604152110972,239.91066000105337,240.52005152216307,241.12944304327277,38.26109740205969,-0.1389468507148024,-0.06469537060416991,-0.07425148011063248,hold,hold,hold,hold
2025-08-04 11:45:00-04:00,240.04,240.26,240.025,240.22,24415.0,239.96511372064288,240.58206499999997,241.19901627935707,239.87452390736186,240.49147518671896,241.10842646607605,42.35244783807922,-0.14477074841519766,-0.05641541464365213,-0.08835533377154553,hold,hold,hold,hold
2025-08-04 11:46:00-04:00,240.2762,240.4,240.14,240.2301,30909.0,239.97810041638775,240.53107,241.08403958361225,239.91361272818108,240.46658231179333,241.01955189540558,42.628138157143184,-0.14687812412444146,-0.04681823228231674,-0.10005989184212472,hold,hold,hold,hold
2025-08-04 11:47:00-04:00,240.185,240.185,239.7,239.8052,40774.0,239.87727758446727,240.47133,241.06538241553272,239.80954110466124,240.40359352019397,240.9976459357267,35.036846228646375,-0.18075053387812545,-0.06455251362880059,-0.11619802024932487,buy,buy,hold,hold
2025-08-04 11:48:00-04:00,239.82,240.04,239.7272,239.995,33834.0,239.82414607422902,240.43008,241.036013925771,239.75874592583307,240.36467985160405,240.97061377737504,40.162909440576165,-0.19008817076345963,-0.05911212041130781,-0.13097605035215182,hold,hold,hold,hold
2025-08-04 11:49:00-04:00,240.02,240.1599,239.8201,239.925,39729.0,239.75973310860184,240.40433000000002,241.0489268913982,239.67820868862452,240.3228055800227,240.96740247142088,38.94244102977319,-0.20082178176176058,-0.055876585127687006,-0.14494519663407357,hold,hold,hold,hold
2025-08-04 11:50:00-04:00,239.925,240.08,239.885,240.0649,17570.0,239.72373862549065,240.38407500000002,241.0444113745094,239.6379067693207,240.29824314383006,240.95857951833943,42.69071012447562,-0.19578262477455155,-0.04066994251238237,-0.15511268226216918,hold,hold,hold,hold
2025-08-04 11:51:00-04:00,240.0799,240.08,239.57,239.57,24657.0,239.59165559945797,240.333075,241.07449440054205,239.48746725339944,240.2288866539415,240.97030605448353,34.599015438144015,-0.22908262856205397,-0.05917595703990783,-0.16990667152214614,buy,hold,hold,hold
2025-08-04 11:52:00-04:00,239.635,239.83,239.57,239.7,37127.0,239.52616009996126,240.27507500000002,241.02398990003877,239.4296015963845,240.17851649642324,240.927431396462,37.92727728103853,-0.2421913765031718,-0.057827763984820535,-0.18436361251835126,hold,hold,hold,hold
2025-08-04 11:53:00-04:00,239.73,239.92,239.66,239.74,21576.0,239.47622272195434,240.22357499999998,240.97092727804562,239.38940074252778,240.13675302057342,240.88410529861906,38.956650529566936,-0.2465108641891618,-0.04971780133664841,-0.19679306285251338,hold,hold,hold,hold
2025-08-04 11:54:00-04:00,239.74,239.75,239.42,239.51,26323.0,239.4017234101293,240.158075,240.9144265898707,239.32071066683858,240.07706225670927,240.83341384657996,35.328768857642324,-0.2654334159182099,-0.05491228245255719,-0.2105211334656527,hold,hold,hold,hold
2025-08-04 11:55:00-04:00,239.53,239.657,239.4323,239.56,10694.0,239.36473110210432,240.09357500000002,240.82241889789572,239.29897433436508,240.02781823226078,240.75666213015649,36.708653219867614,-0.27324529073817416,-0.05017932581801715,-0.223065964920157,hold,hold,hold,hold
2025-08-04 11:56:00-04:00,239.56,239.81,239.535,239.8042,16834.0,239.4027981888118,240.038535,240.6742718111882,239.37078444657158,240.00652125775977,240.64225806894797,43.09486558661106,-0.2567714571556792,-0.026964393788417695,-0.22980706336726148,hold,hold,hold,hold
2025-08-04 11:57:00-04:00,239.71,239.843,239.58,239.58,43580.0,239.3612491724774,239.99378499999997,240.62632082752256,239.3333643580696,239.96590018559218,240.59843601311476,39.185559272972284,-0.2588233373157607,-0.023213019158799336,-0.23561031815696135,hold,hold,hold,hold
2025-08-04 11:58:00-04:00,239.5849,239.59,239.4414,239.5799,13378.0,239.32041515895142,239.95528,240.59014484104856,239.29427342210627,239.92913826315484,240.5640031042034,39.18385189225706,-0.25748935923815,-0.017503232864950896,-0.23998612637319908,hold,hold,hold,hold
2025-08-04 11:59:00-04:00,239.5,239.58,239.2,239.4561,32214.0,239.266511642577,239.911085,240.55565835742303,239.23951364257422,239.88408699999724,240.52866035742025,37.03258787894235,-0.2633856515222419,-0.01871962011923428,-0.24466603140300763,hold,hold,hold,hold
2025-08-04 12:00:00-04:00,239.4,239.55,239.3,239.33,21133.0,239.1993382107373,239.861085,240.5228317892627,239.1695700202586,239.8313168095213,240.493063598784,34.929040185348285,-0.27506296711203504,-0.024317548567221903,-0.25074541854481314,hold,hold,hold,hold
2025-08-04 12:01:00-04:00,239.34,239.38,239.1,239.22,25679.0,239.16609479792058,239.792085,240.4180752020794,239.14710595891606,239.77309616099546,240.39908636307487,33.159584606059305,-0.289852169159758,-0.031285400491955884,-0.2585667686678021,hold,hold,hold,hold
2025-08-04 12:02:00-04:00,239.23,239.29,238.8,238.97,61108.0,239.0582843272832,239.72208500000002,240.38588567271685,239.0328101396124,239.69661081232923,240.36041148504606,29.50168455490775,-0.3180790121412258,-0.047609794778738945,-0.27046921736248686,buy,buy,buy,hold
2025-08-04 12:03:00-04:00,238.86,238.9476,238.785,238.9224,28550.0,238.93869382962598,239.66264,240.38658617037404,238.89893027887624,239.62287644925027,240.3468226196243,28.849144287825087,-0.34036637901112954,-0.055917729318914144,-0.2844486496922154,buy,hold,buy,hold
2025-08-04 12:04:00-04:00,238.9572,239.2972,238.9,239.085,42078.0,238.87315965233842,239.61338999999998,240.35362034766155,238.83141977308867,239.57165012075026,240.31188046841186,34.20297951510343,-0.3409782319261865,-0.04522366578717685,-0.29575456613900963,hold,hold,hold,hold
2025-08-04 12:05:00-04:00,239.085,239.13,238.84,238.943,14850.0,238.80932172840772,239.54954000000004,240.28975827159235,238.77156040908648,239.5117786806788,240.2519969522711,31.94247235270989,-0.34889944737898304,-0.042515904991978715,-0.3063835423870043,hold,hold,hold,hold
2025-08-04 12:06:00-04:00,238.82,238.92,238.6788,238.7,29176.0,238.71394192988342,239.47303499999998,240.23212807011654,238.67537335525947,239.43446642537603,240.1935594954926,28.474321752814916,-0.3705140811681815,-0.051304431024941755,-0.31920965014323976,buy,hold,buy,hold
2025-08-04 12:07:00-04:00,238.755,238.7845,238.62,238.73,33292.0,238.6111814265205,239.41927500000003,240.22736857347957,238.5592808113845,239.36737438486404,240.17546795834357,29.492131650247345,-0.38083307822617485,-0.04929874246634808,-0.33153433575982677,hold,hold,buy,hold
2025-08-04 12:08:00-04:00,238.74,238.85,238.69,238.79,26837.0,238.55193112472972,239.35902500000003,240.16611887527034,238.50529247294,239.3123863482103,240.11948022348062,31.588878851198125,-0.37979145964504823,-0.03860569910817713,-0.3411857605368711,hold,hold,hold,hold
2025-08-04 12:09:00-04:00,238.79,238.8499,238.53,238.53,32517.0,238.44943500125098,239.289275,240.12911499874903,238.39803336391742,239.23787336266645,240.07771336141548,27.739319103807464,-0.3953880096496789,-0.043361799290246195,-0.3520262103594327,hold,hold,buy,hold
2025-08-04 12:10:00-04:00,238.58,238.89,238.58,238.81,46697.0,238.4421795933585,239.22653,240.0108804066415,238.41277311196149,239.19712351860298,239.98147392524447,36.68751672597601,-0.380765500284042,-0.02299143193968739,-0.3577740683443546,hold,hold,hold,hold
2025-08-04 12:11:00-04:00,238.845,238.98,238.56,238.56,54984.0,238.35733428094522,239.17603,239.99472571905477,238.31774936920507,239.13644508825985,239.95514080731462,32.78395120915583,-0.38491293026501694,-0.021711089536529837,-0.3632018407284871,hold,hold,hold,hold
2025-08-04 12:12:00-04:00,238.56,238.85,238.4,238.84,43946.0,238.33896388159516,239.13303000000002,239.92709611840488,238.31414610430645,239.1082122227113,239.90227834111616,40.429007667043955,-0.3614396867428411,0.0014097231885168426,-0.36284940993135795,hold,hold,hold,sell
2025-08-04 12:13:00-04:00,238.84,239.13,238.84,239.0235,28652.0,238.35280985903086,239.09720500000003,239.8416001409692,238.3557492510077,239.10014439197687,239.84453953294604,44.85562195030233,-0.3242918214563133,0.03084607078003576,-0.35513789223634906,hold,hold,hold,hold
2025-08-04 12:14:00-04:00,239.04,239.0693,238.7055,238.76,23439.0,238.32679257283118,239.05970499999998,239.79261742716878,238.33483726081027,239.06774968797907,239.80066211514787,40.232425992076855,-0.3125116783234603,0.03410097113031102,-0.3466126494537713,hold,hold,hold,hold
2025-08-04 12:15:00-04:00,238.766,238.82,238.5701,238.73,22122.0,238.30971810111024,239.018205,239.72669189888975,238.32709615213892,239.03558305102868,239.74406994991844,39.730345806286614,-0.3021139971986031,0.03559892180413454,-0.33771291900273764,hold,hold,hold,hold
2025-08-04 12:16:00-04:00,238.675,238.79,238.6,238.68,28522.0,238.33858957341283,238.96199500000003,239.58540042658723,238.37831257196257,239.00171799854976,239.62512342513696,38.85991914085494,-0.29451337526663224,0.03455963498888437,-0.3290730102555166,hold,hold,hold,hold
2025-08-04 12:17:00-04:00,238.68,238.7107,238.5,238.65,19110.0,238.34710475914582,238.91549500000002,239.48388524085422,238.39983080545272,238.96822104630692,239.53661128716112,38.317490227247646,-0.2875953566559133,0.033182122879682696,-0.320777479535596,hold,hold,hold,hold
2025-08-04 12:18:00-04:00,238.69,238.69,238.2,238.23,35026.0,238.2907396981677,238.848,239.40526030183233,238.34065397815968,238.897914279992,239.4551745818243,31.655514651114924,-0.3124020901471738,0.0067003115107378,-0.3191024016579116,buy,buy,hold,hold
2025-08-04 12:19:00-04:00,238.2936,238.53,238.21,238.44,33032.0,238.28773437355457,238.79719500000002,239.30665562644546,238.34484276973777,238.8543033961832,239.36376402262866,37.50608740386874,-0.3115252905731154,0.0060616888678369785,-0.3175869794409524,hold,hold,hold,hold
2025-08-04 12:20:00-04:00,238.47,238.51,238.0671,238.17,56846.0,238.22151497344103,238.73919500000002,239.25687502655902,238.27145161760677,238.78913164416576,239.30681167072476,33.5316228158853,-0.32882665511684195,-0.008991740540711612,-0.31983491457613034,buy,buy,hold,buy
2025-08-04 12:21:00-04:00,238.1,238.23,237.8471,238.13,100246.0,238.15168409026356,238.684695,239.21770590973645,238.1933462921278,238.72635720186426,239.2593681116007,32.97414028593171,-0.3418254261397635,-0.01759240925090655,-0.324233016888857,buy,buy,hold,hold
2025-08-04 12:22:00-04:00,238.1276,238.137,237.92,238.01,44290.0,238.04538500524427,238.63669499999997,239.22800499475568,238.0668227116929,238.6581327064486,239.24944270120432,31.293272294078726,-0.35768685157208324,-0.026763067746580993,-0.33092378382550225,buy,buy,hold,hold
2025-08-04 12:23:00-04:00,238.01,238.0537,237.8,237.824,45694.0,237.90846092210032,238.58177500000002,239.25508907789973,237.90537741841095,238.57869149631065,239.25200557421036,28.83934391304578,-0.3808752976906078,-0.03996121109208439,-0.3409140865985234,buy,buy,buy,hold
2025-08-04 12:24:00-04:00,237.85,237.92,237.6,237.65,56018.0,237.764536269369,238.51002499999998,239.25551373063098,237.74475595650722,238.49024468713822,239.2357334177692,26.72782258857796,-0.40858276632829416,-0.05413494378381656,-0.3544478225444776,buy,buy,buy,hold
2025-08-04 12:25:00-04:00,237.6512,237.8,237.51,237.555,87691.0,237.61514993223736,238.440625,239.26610006776266,237.57569869679097,238.40117376455362,239.22664883231627,25.624689898817827,-0.43321303074438333,-0.06301216655992459,-0.37020086418445874,buy,buy,buy,hold
2025-08-04 12:26:00-04:00,237.555,237.6521,237.45,237.5336,62372.0,237.4773806993551,238.382305,239.2872293006449,237.4136233910941,238.31854769173898,239.22347199238388,25.370668133133325,-0.44928046832689006,-0.06326368331394505,-0.386016785012945,hold,hold,buy,hold
2025-08-04 12:27:00-04:00,237.4803,237.5599,237.32,237.3371,46939.0,237.31576551130138,238.31265999999997,239.30955448869855,237.22818199430336,238.22507648300194,239.22197097170053,23.10568664903544,-0.47242412491340247,-0.0691258719203659,-0.40329825299303657,hold,hold,buy,hold
2025-08-04 12:28:00-04:00,237.33,237.43,237.2058,237.225,50693.0,237.15722081903058,238.23440999999997,239.31159918096935,237.05264192269905,238.12983110366844,239.20702028463782,21.904281457951182,-0.4941153188212297,-0.07265365266255452,-0.4214616661586752,hold,hold,buy,hold
2025-08-04 12:29:00-04:00,237.2,237.6523,237.12,237.51,58397.0,237.07101986538112,238.18341,239.2958001346189,236.95840943536683,238.07079956998572,239.18318970460462,31.636637162202394,-0.4827438574234293,-0.04902575301180323,-0.43371810441162606,hold,hold,hold,hold
2025-08-04 12:30:00-04:00,237.56,237.6,237.28,237.6,67159.0,237.0218553911829,238.12291,239.22396460881708,236.92490690688427,238.02596151570137,239.12701612451846,34.41615800956415,-0.46115375111546086,-0.0219485173630678,-0.43920523375239306,hold,hold,hold,hold
2025-08-04 12:31:00-04:00,237.59,237.64,237.3,237.3,25913.0,236.92251301934758,238.05991,239.19730698065243,236.81942534307737,237.9568223237298,239.09421930438222,30.032810326149587,-0.46291473618913415,-0.018967601949392843,-0.4439471342397413,hold,hold,hold,hold
2025-08-04 12:32:00-04:00,237.45,237.67,237.15,237.67,47947.0,236.91114362355927,238.00141,239.09167637644072,236.83923953550527,237.929505911946,239.01977228838672,40.15623776676364,-0.42950337422473694,0.011555008012003543,-0.4410583822367405,hold,hold,hold,sell
2025-08-04 12:33:00-04:00,237.4701,237.8599,237.4701,237.702,54293.0,236.9452780192675,237.93533499999998,238.92539198073246,236.91778170150437,237.90783868223684,238.89789566296932,40.95197821522524,-0.3958790493327058,0.03614346632322779,-0.4320225156559336,hold,hold,hold,hold
2025-08-04 12:34:00-04:00,237.7,237.86,237.61,237.63,44032.0,236.95683974779044,237.87883500000004,238.80083025220964,236.95938260314753,237.88137785535713,238.80337310756673,39.673708370608566,-0.37076735263002547,0.04900413042072649,-0.41977148305075196,hold,hold,hold,hold
2025-08-04 12:35:00-04:00,237.701,237.701,237.45,237.505,29354.0,236.97016353160487,237.817585,238.66500646839515,236.99811087692797,237.8455323453231,238.69295381371825,37.48604983034075,-0.3568391873771475,0.05034583653888364,-0.4071850239160311,hold,hold,hold,hold
2025-08-04 12:36:00-04:00,237.495,237.5599,237.23,237.3001,42313.0,236.9714876106092,237.74858999999998,238.52569238939077,237.01648401828248,237.79358640767327,238.57068879706407,34.16082008689444,-0.3582055628926639,0.03918356881869378,-0.3973891317113577,hold,hold,hold,hold
2025-08-04 12:37:00-04:00,237.365,237.6688,237.33,237.6,31775.0,237.03671838732865,237.69609,238.35546161267135,237.11577799427116,237.7751496069425,238.43452121961386,42.23724350040678,-0.33127032361974784,0.05289504647328791,-0.38416537009303575,hold,hold,hold,hold
2025-08-04 12:38:00-04:00,237.5895,237.63,237.275,237.405,23462.0,237.0320243181191,237.65484,238.2776556818809,237.11708158154326,237.73989726342415,238.36271294530505,38.896182006654165,-0.3219476110996595,0.04977420719470105,-0.3717218182943606,hold,hold,hold,hold
2025-08-04 12:39:00-04:00,237.47,237.8,237.405,237.6928,29103.0,237.1082558426815,237.61747999999997,238.12670415731844,237.2261876524462,237.73541180976468,238.24463596708316,45.72058858597053,-0.28801616840050315,0.06696451991508595,-0.3549806883155891,hold,hold,hold,hold
2025-08-04 12:40:00-04:00,237.695,238.09,237.6401,237.8828,38108.0,237.14322036486564,237.60312,238.06301963513434,237.28954914512892,237.74944878026326,238.2093484153976,49.71354918510323,-0.24299277405327757,0.08959033140984923,-0.3325831054631268,hold,hold,hold,hold
2025-08-04 12:41:00-04:00,237.885,238.3208,237.83,238.3208,69655.0,237.10409728253364,237.61265999999995,238.12122271746625,237.29530046467667,237.80386318214298,238.31242589960928,57.47902849016252,-0.17000871552991725,0.13005951194656767,-0.30006822747648493,sell,sell,hold,hold
2025-08-04 12:42:00-04:00,238.29,238.44,238.17,238.3226,45344.0,237.05655055270194,237.62829000000002,238.2000294472981,237.28152724130746,237.85326668860554,238.42500613590363,57.508069173145756,-0.11074646209385719,0.1514574123061022,-0.2622038743999594,sell,hold,hold,hold
2025-08-04 12:43:00-04:00,238.33,238.88,238.295,238.725,51375.0,236.9306004294931,237.67334,238.4160795705069,237.19354933823146,237.93628890873836,238.67902847924526,63.50829923614463,-0.03095356880817235,0.18500024447342964,-0.215953813281602,sell,sell,hold,hold
2025-08-04 12:44:00-04:00,238.6967,238.8,238.6,238.6531,38673.0,236.8670623091849,237.723495,238.57992769081514,237.14812394090055,238.00455663171567,238.8609893225308,61.82831785181829,0.026179365461871384,0.1937065429947787,-0.16752717753290733,sell,hold,hold,hold
2025-08-04 12:45:00-04:00,238.72,238.82,238.54,238.8,43347.0,236.81411173899207,237.785745,238.75737826100791,237.1086798819729,238.08031314298083,239.05194640398875,63.92785491121703,0.08236181407275467,0.1999111932845296,-0.11754937921177493,sell,hold,hold,hold
2025-08-04 12:46:00-04:00,238.685,238.79,238.4,238.44,30154.0,236.82669948630644,237.831065,238.83543051369355,237.11020352043195,238.1145690341255,239.11893454781907,55.82437591190438,0.09672285712605344,0.1714177890702627,-0.07469493194420926,hold,hold,hold,hold
2025-08-04 12:47:00-04:00,238.53,238.6,238.39,238.5322,28343.0,236.86906405145018,237.89082000000002,238.91257594854986,237.132587463278,238.15434341182785,239.1760993603777,57.316664549487506,0.11422711755665205,0.15113763960068904,-0.036910522044037,hold,hold,hold,hold
2025-08-04 12:48:00-04:00,238.54,238.66,238.435,238.435,26507.0,236.95136633187477,237.95131999999998,238.9512736681252,237.18111894257618,238.1810726107014,239.1810262788266,55.199637573183644,0.11888570202447113,0.1246369792548065,-0.005751277230335371,hold,hold,hold,hold
2025-08-04 12:49:00-04:00,238.46,238.61,238.42,238.565,18747.0,236.99157553167086,238.00407,239.01656446832916,237.20514265563875,238.2176371239679,239.23013159229706,57.46260421212668,0.13155113769559534,0.10984193194074457,0.021709205754850774,hold,hold,hold,hold
2025-08-04 12:50:00-04:00,238.61,238.78,238.6,238.78,21116.0,237.01474752652288,238.06307,239.11139247347714,237.22287301963667,238.2711954931138,239.31951796659092,60.97363410572282,0.15712603871770625,0.10833346637028438,0.048792572347421875,hold,hold,hold,hold
2025-08-04 12:51:00-04:00,238.78,238.9,238.68,238.725,26669.0,237.10969867560877,238.13432000000003,239.1589413243913,237.28979364556884,238.3144149699601,239.33903629435136,59.61797723701003,0.17098527981801226,0.0977541659764723,0.07323111384153996,hold,hold,hold,hold
2025-08-04 12:52:00-04:00,238.725,238.8999,238.7127,238.765,31449.0,237.1525896825808,238.18907,239.22555031741916,237.32084751254467,238.35732782996388,239.39380814738308,60.3091397821499,0.18308599259100333,0.08788390299957069,0.09520208959143264,hold,hold,hold,hold
2025-08-04 12:53:00-04:00,238.7519,238.81,238.56,238.81,14125.0,237.199635953657,238.24447,239.289304046343,237.3556054188624,238.4004394652054,239.4452735115484,61.11545772256303,0.19406990154317327,0.0790942495613925,0.11497565198178078,hold,hold,hold,hold
2025-08-04 12:54:00-04:00,238.85,238.98,238.7575,238.92,30349.0,237.2645607581807,238.30897,239.35337924181928,237.40551217908083,238.44992142090013,239.49433066271942,63.089388447433286,0.20923883418038258,0.07541054575888143,0.13382828842150116,hold,hold,hold,hold
2025-08-04 12:55:00-04:00,238.9699,238.9699,238.76,238.82,33236.0,237.3764939762971,238.37471999999997,239.37294602370284,237.48694097615913,238.485166999862,239.48339302356487,60.1023660218906,0.2107616294467789,0.06154667282022219,0.1492149566265567,hold,hold,hold,hold
2025-08-04 12:56:00-04:00,238.78,238.95,238.7,238.7,21547.0,237.5688966506274,238.444715,239.3205333493726,237.62980893621682,238.5056272855894,239.381445634962,56.637005839919105,0.19998021115753772,0.04061220362478479,0.15936800753275293,hold,hold,hold,hold
2025-08-04 12:57:00-04:00,238.7467,238.7467,238.53,238.672,26357.0,237.70889182508188,238.498315,239.2877381749181,237.73204913109134,238.52147230600946,239.31089548092757,55.828149280649576,0.18702063601745067,0.02212210278775817,0.1648985332296925,hold,hold,hold,hold
2025-08-04 12:58:00-04:00,238.7,238.79,238.6,238.725,20769.0,237.95033240326137,238.564315,239.17829759673862,237.9268732991747,238.54085589591332,239.15483849265195,57.07770795170309,0.17896375365964445,0.011252176343961556,0.1677115773156829,hold,hold,hold,hold
2025-08-04 12:59:00-04:00,238.725,238.81,238.6301,238.8,16149.0,238.1464757655353,238.619675,239.0928742344647,238.09233705231404,238.56553628677872,239.0387355212434,58.851627018414064,0.17659481444871972,0.007106589706429439,0.16948822474229028,hold,hold,hold,hold
2025-08-04 13:00:00-04:00,238.8,238.95,238.77,238.935,22711.0,238.31995662320074,238.67228500000002,239.0246133767993,238.24839493028622,238.6007233070855,238.95305168388478,61.903673770752455,0.1834955621957306,0.011205869962752246,0.17228969223297835,hold,hold,hold,hold
2025-08-04 13:01:00-04:00,238.95,238.95,238.8,238.9411,13639.0,238.37159000015373,238.70330000000004,239.03500999984635,238.30143013513583,238.63314013498214,238.96485013482845,62.040679174694596,0.1872976231120731,0.0120063447032758,0.1752912784087973,hold,hold,hold,hold
2025-08-04 13:02:00-04:00,238.95,239.3,238.95,239.19,55052.0,238.39896815013708,238.74667,239.0943718498629,238.33847255797806,238.68617440784098,239.0338762577039,67.22072590046723,0.20799727057519135,0.026164793733115255,0.1818324768420761,sell,sell,hold,hold
2025-08-04 13:03:00-04:00,239.21,239.385,239.12,239.12,39376.0,238.38286105225126,238.76641999999998,239.1499789477487,238.34393218315503,238.72749113090376,239.11105007865248,64.55271509505775,0.21626055823918477,0.02754246511768693,0.18871809312149784,hold,sell,hold,hold
2025-08-04 13:04:00-04:00,239.18,239.6,239.18,239.56,25274.0,238.2996338165146,238.811765,239.3238961834854,238.2946465063799,238.8067776898653,239.3189088733507,72.05955323895124,0.2553698513293057,0.05332140656624626,0.20204844476305941,sell,sell,sell,hold
2025-08-04 13:05:00-04:00,239.57,239.8299,239.36,239.7509,38857.0,238.2038685704289,238.85931,239.51475142957108,238.2412526707832,238.8966941003543,239.55213552992538,74.5753048831902,0.2983293276668064,0.0770247063229976,0.22130462134380882,sell,sell,sell,hold
2025-08-04 13:06:00-04:00,239.7372,240.1,239.73,239.795,54477.0,238.1846435416707,238.92706000000004,239.66947645832937,238.23983058484836,238.9822470431777,239.72466350150702,75.13234515542925,0.3321052213481437,0.08864048000346786,0.24346474134467583,sell,sell,sell,hold
2025-08-04 13:07:00-04:00,239.795,240.1612,239.795,240.065,25381.0,238.13451299825735,239.00369999999998,239.8728870017426,238.21617937065625,239.08536637239888,239.9545533741415,78.27123289566764,0.3763216027639942,0.10628548913545466,0.2700361136285395,sell,sell,sell,hold
2025-08-04 13:08:00-04:00,240.0201,240.11,239.9,240.105,52660.0,238.1356300109827,239.08720000000002,240.03876998901734,238.23090434791501,239.18247433693233,240.13404432594965,78.70017424549722,0.40986638475348514,0.11186421689995651,0.2980021678535286,sell,hold,sell,hold
2025-08-04 13:09:00-04:00,240.11,240.37,240.05,240.2806,38911.0,238.1211460043531,239.17298,240.22481399564688,238.23522373776808,239.28705773341497,240.33889172906186,80.51835730327743,0.4454850443207192,0.11798630117375247,0.32749874314696675,sell,hold,sell,hold
2025-08-04 13:10:00-04:00,240.285,240.74,240.2806,240.605,56498.0,238.05911668400077,239.26423,240.46934331599923,238.20746272851906,239.4125760445183,240.61768936051752,83.34653772136011,0.4941927115677345,0.13335517473661418,0.3608375368311203,sell,hold,sell,hold
2025-08-04 13:11:00-04:00,240.58,240.6699,240.416,240.505,20052.0,238.06080501401485,239.35323,240.64565498598515,238.2241914352457,239.51661642123085,240.809041407216,79.51448373844693,0.518744955575329,0.12632593499536693,0.39241902057996203,hold,hold,sell,hold
2025-08-04 13:12:00-04:00,240.49,240.585,240.39,240.48,15975.0,238.08780668972523,239.43898,240.79015331027475,238.25719392798172,239.60836723825648,240.95954054853124,78.54224691009705,0.530075118765609,0.11012487854851749,0.4199502402170915,hold,hold,sell,hold
2025-08-04 13:13:00-04:00,240.54,240.62,240.463,240.555,15658.0,238.1243755052685,239.52623,240.9280844947315,238.2966682446434,239.6985227393749,241.10037723410642,79.3576835004832,0.538894191136734,0.09515516073571395,0.44373903040102003,hold,hold,sell,hold
2025-08-04 13:14:00-04:00,240.5198,240.74,240.44,240.74,25577.0,238.14984573389958,239.61722999999998,241.08461426610037,238.33032678381022,239.79771104991062,241.265095316011,81.2504298435608,0.5544203111865897,0.08854502462845576,0.465875286558134,hold,hold,sell,hold
2025-08-04 13:15:00-04:00,240.74,240.85,240.565,240.565,23508.0,238.22958854826564,239.70448000000002,241.1793714517344,238.39589473627998,239.87078618801436,241.34567763974874,74.30932940267432,0.5463063561124386,0.06434485564344367,0.48196150046899494,hold,hold,sell,hold
2025-08-04 13:16:00-04:00,240.5518,240.5813,240.08,240.13,37958.0,238.36556402079418,239.77598000000003,241.18639597920588,238.48505723852142,239.89547321772727,241.30588919693312,60.478724460295155,0.49902270064276877,0.013648960139019006,0.48537374050374976,hold,hold,hold,hold
2025-08-04 13:17:00-04:00,240.165,240.28,240.01,240.25,25130.0,238.5261373543386,239.85488,241.18362264566142,238.60049502752042,239.92923767318183,241.25798031884324,62.54949593635012,0.4658628828173619,-0.015608686149110318,0.4814715689664722,hold,hold,hold,buy
2025-08-04 13:18:00-04:00,240.23,240.57,240.2,240.395,17835.0,238.6971353913916,239.93838,241.17962460860838,238.73235138141328,239.97359599002166,241.21484059863005,64.93997467971079,0.44614094141203964,-0.02826450204354608,0.4744054434555857,hold,hold,hold,hold
2025-08-04 13:19:00-04:00,240.385,240.6,240.33,240.485,21579.0,238.87682338088862,240.02263000000002,241.16843661911142,238.87649451471773,240.02230113382913,241.16810775294053,66.37464871798,0.4327845378447819,-0.033296724488643126,0.466081262333425,hold,hold,hold,hold
2025-08-04 13:20:00-04:00,240.43,240.57,240.27,240.52,13897.0,239.0527669753932,240.10188,241.15099302460678,239.02058800123862,240.0697010258454,241.1188140504522,66.94119883385198,0.42018012436224694,-0.03672091037694247,0.4569010347391894,hold,hold,hold,hold
2025-08-04 13:21:00-04:00,240.48,240.74,240.3615,240.6799,22694.0,239.25729261639836,240.18882,241.12034738360163,239.19628783025848,240.12781521386012,241.05934259746175,69.47187587036142,0.4182720497037451,-0.030903188028355455,0.44917523773210055,hold,hold,hold,hold
2025-08-04 13:22:00-04:00,240.7,240.77,240.485,240.54,36826.0,239.4349458669767,240.25632000000002,241.07769413302333,239.34569677475488,240.1670709077782,240.9884450408015,64.79812060082163,0.40085037241055943,-0.03865989225723293,0.43951026466779236,hold,hold,hold,hold
2025-08-04 13:23:00-04:00,240.565,240.78,240.5471,240.57,22268.0,239.68456471954053,240.32882,240.97307528045948,239.56118982657793,240.2054451070374,240.84970038749688,65.33665766917935,0.38502597712488296,-0.04358743003432752,0.4286134071592105,hold,hold,hold,hold
2025-08-04 13:24:00-04:00,240.6398,240.74,240.38,240.5456,67839.0,239.8335518680594,240.3781,240.92264813194058,239.6932926791885,240.23784081112908,240.78238894306966,64.47272669673923,0.36629374746090093,-0.04985572775864766,0.4161494752195486,hold,hold,hold,hold
2025-08-04 13:25:00-04:00,240.605,240.71,240.4601,240.585,16476.0,239.9513383588183,240.419805,240.8882716411817,239.80243694983986,240.27090359102155,240.73937023220324,65.27127653995493,0.3505862313713237,-0.05245059507857991,0.40303682644990363,hold,hold,hold,hold
2025-08-04 13:26:00-04:00,240.58,240.93,240.5011,240.93,36017.0,240.05162880181953,240.47655500000002,240.9014811981805,239.90874847941043,240.33367467759092,240.7586008757714,71.34492045795616,0.3618058557299264,-0.03298477657598181,0.3947906323059082,sell,sell,sell,hold
2025-08-04 13:27:00-04:00,240.95,241.01,240.53,240.65,76389.0,240.11943580622264,240.505805,240.89217419377738,239.97743170499538,240.36380089877275,240.75017009255012,61.88533939055525,0.34413683372338255,-0.0405230388660206,0.38465987258940315,hold,hold,hold,hold
2025-08-04 13:28:00-04:00,240.7,240.7,240.07,240.07,28127.0,240.11019566736942,240.50405499999997,240.8979143326305,239.94196052816386,240.3358198607944,240.72967919342494,47.75927412662238,0.2801039893168422,-0.08364470661804879,0.363748695934891,buy,hold,hold,hold
2025-08-04 13:29:00-04:00,240.0,240.3699,239.89,240.3699,35064.0,240.12295740534103,240.50852,240.89408259465898,239.95350299367882,240.3390655883378,240.72462818299678,53.65057180622299,0.2506673848465937,-0.09046504887063789,0.34113243371723156,hold,hold,hold,hold
2025-08-04 13:30:00-04:00,240.3267,240.45,240.24,240.2936,15468.0,240.09916673727778,240.49295,240.88673326272223,239.9409522695834,240.33473553230561,240.72851879502784,52.042545852694424,0.2186613000354214,-0.0979769069454482,0.3166382069808696,hold,hold,hold,hold
2025-08-04 13:31:00-04:00,240.3682,240.46,240.2258,240.44,10184.0,240.09529575560074,240.4897,240.88410424439925,239.95035647530582,240.34476071970508,240.73916496410433,54.83945946448665,0.2027720734735965,-0.0910929068058185,0.293864980279415,hold,hold,hold,hold
2025-08-04 13:32:00-04:00,240.395,240.6,240.395,240.4104,12863.0,240.09030947172354,240.48622,240.88213052827646,239.9551015514567,240.35101207973315,240.7469226080096,54.15180356110076,0.18565120282289627,-0.08657102196521499,0.27222222478811126,hold,hold,hold,hold
2025-08-04 13:33:00-04:00,240.42,240.49,240.22,240.37,9293.0,240.07927894352508,240.47697,240.8746610564749,239.955129396617,240.3528204530919,240.75051150956682,53.17178658077542,0.16689894003016548,-0.08425862780635662,0.2511575678365221,hold,hold,hold,hold
2025-08-04 13:34:00-04:00,240.313,240.44,240.1903,240.44,11775.0,240.08289932532296,240.46197,240.84104067467706,239.98205259240612,240.36112326708317,240.74019394176023,54.701485614257614,0.15588905960819943,-0.07621480658265817,0.2321038661908576,hold,hold,hold,hold
2025-08-04 13:35:00-04:00,240.43,240.5182,240.2004,240.275,17386.0,240.06312367648422,240.44746999999998,240.83181632351574,239.96857472765473,240.35292105117048,240.73726737468624,50.512865296340706,0.13232417825639686,-0.07982375034756861,0.21214792860396547,hold,hold,hold,hold
2025-08-04 13:36:00-04:00,240.2,240.35,240.12,240.1775,12033.0,240.0728584566061,240.449845,240.82683154339392,239.95922774099841,240.33621428439233,240.71320082778624,48.16584723087934,0.10457591875564276,-0.08605760787865818,0.19063352663430094,hold,hold,hold,hold
2025-08-04 13:37:00-04:00,240.23,240.3199,240.07,240.134,18810.0,240.05168253760067,240.44404500000002,240.83640746239936,239.9245933187175,240.31695578111686,240.7093182435162,47.11404486328856,0.07817399557123395,-0.08996762485045359,0.16814162042168754,hold,hold,hold,hold
2025-08-04 13:38:00-04:00,240.0316,240.17,240.0,240.02,17655.0,239.9916778856006,240.425295,240.8589121143994,239.85505716375397,240.28867427815337,240.72229139255276,44.37895090919374,0.04750383928066526,-0.09651022491281783,0.1440140641934831,hold,hold,hold,hold
2025-08-04 13:39:00-04:00,240.075,240.084,239.83,239.8451,15745.0,239.89275890078838,240.3933,240.89384109921164,239.74588800959378,240.24642910880542,240.74697020801705,40.49484355219822,0.008981023505612029,-0.10802643255029686,0.11700745605590888,buy,hold,hold,hold
2025-08-04 13:40:00-04:00,239.855,239.855,239.73,239.77,16836.0,239.79063949890323,240.3558,240.92096050109674,239.63589440687005,240.2010549079668,240.76621540906356,38.91970575549065,-0.027293900802533244,-0.1154410854867537,0.08814718468422046,buy,hold,hold,hold
2025-08-04 13:41:00-04:00,239.76,239.8,239.61,239.618,16357.0,239.67342630029702,240.302705,240.93198369970298,239.51624716940984,240.14552586911282,240.7748045688158,35.87788257038967,-0.06752874006616594,-0.12454073980030912,0.057011999734143184,buy,hold,hold,hold
2025-08-04 13:42:00-04:00,239.5543,239.5543,239.38,239.44,20333.0,239.5255679756758,240.247705,240.96984202432418,239.35619590487312,240.0783329291973,240.80046995352149,32.65884303381647,-0.11248163418932222,-0.1355949071387723,0.023113272949450103,buy,hold,hold,hold
2025-08-04 13:43:00-04:00,239.42,239.42,239.3,239.36,7865.0,239.38491446540567,240.187205,240.98949553459434,239.20762973467941,240.00992026927375,240.81221080386808,31.299612459111742,-0.1528010625286811,-0.14073146838250494,-0.012069594146176137,buy,hold,hold,hold
2025-08-04 13:44:00-04:00,239.34,239.38,239.26,239.315,18200.0,239.25677612469886,240.125675,240.99457387530114,239.07483851118462,239.94373738648576,240.8126362617869,30.529906197299358,-0.1862387791759943,-0.13933534802385453,-0.04690343115213977,hold,hold,hold,hold
2025-08-04 13:45:00-04:00,239.325,239.5924,239.298,239.485,19110.0,239.18592517349563,240.070675,240.95542482650436,239.015298285078,239.90004811158235,240.7847979380867,36.84810831219296,-0.19675278761278037,-0.11987948516851248,-0.07687330244426789,hold,hold,hold,hold
2025-08-04 13:46:00-04:00,239.55,239.55,239.36,239.4,8163.0,239.1565316656987,239.99417499999998,240.83181833430126,239.01478114760658,239.85242448190786,240.69006781620914,35.127818954012184,-0.20952868838099903,-0.1061243087493849,-0.10340437963161413,hold,hold,hold,hold
2025-08-04 13:47:00-04:00,239.4,239.45,239.25,239.25,17335.0,239.08347032206655,239.92417500000002,240.7648796779335,238.95434604379267,239.79505072172614,240.63575539965962,32.26511438368433,-0.22911631789028775,-0.1005695506069389,-0.12854676728334885,hold,hold,hold,hold
2025-08-04 13:48:00-04:00,239.24,239.4388,239.24,239.395,16567.0,239.0221045778636,239.890425,240.7587454221364,238.88863023085392,239.75695065299033,240.62527107512673,37.56217045241515,-0.23028478752985393,-0.08139041619720405,-0.14889437133264988,hold,hold,hold,hold
2025-08-04 13:49:00-04:00,239.3563,239.37,239.18,239.245,16252.0,238.95176185286164,239.83417999999998,240.7165981471383,238.8257753008053,239.70819344794364,240.59061159508198,34.55192214537388,-0.24054173909897258,-0.07331789421305818,-0.1672238448859144,hold,hold,hold,hold
2025-08-04 13:50:00-04:00,239.3,239.3,238.93,238.975,31975.0,238.83728306503457,239.76825,240.69921693496542,238.70739856555502,239.63836550052045,240.56933243548588,29.90604415363033,-0.2673750574041378,-0.08012097001457871,-0.1872540873895591,hold,hold,buy,hold
2025-08-04 13:51:00-04:00,238.91,239.24,238.91,239.185,20685.0,238.79515079008175,239.70550000000003,240.6158492099183,238.68483862388595,239.59518783380423,240.5055370437225,37.001290152307796,-0.2685991665331926,-0.06507606331490681,-0.2035231032182858,hold,hold,hold,hold
2025-08-04 13:52:00-04:00,239.23,239.339,239.1214,239.26,23546.0,238.77860164140193,239.64798000000002,240.5173583585981,238.69388682436764,239.56326518296572,240.4326435415638,39.3620826457583,-0.26051436124646443,-0.04559300642254291,-0.21492135482392152,hold,hold,hold,hold
2025-08-04 13:53:00-04:00,239.26,239.33,239.19,239.29,18869.0,238.7781846271285,239.59398000000002,240.40977537287154,238.72144455457365,239.53723992744517,240.3530353003167,40.32538028235277,-0.2488181250674586,-0.027117416194829658,-0.22170070887262894,hold,hold,hold,hold
2025-08-04 13:54:00-04:00,239.29,239.295,239.15,239.17,14650.0,238.79414113072954,239.53047999999998,240.26681886927042,238.76592582698947,239.5022646962599,240.23860356553035,37.74257080604193,-0.24639152264722952,-0.01975265101968046,-0.22663887162754906,hold,hold,hold,hold
2025-08-04 13:55:00-04:00,239.17,239.18,238.879,238.9085,22794.0,238.7621324818634,239.46215500000002,240.16217751813664,238.74569315943188,239.4457156775685,240.14573819570512,32.810770737517856,-0.26254285667528166,-0.028723188038186076,-0.23381966863709558,hold,hold,hold,hold
2025-08-04 13:56:00-04:00,238.9629,239.17,238.9001,239.14,24392.0,238.77966082934446,239.41027999999997,240.04089917065548,238.78598072809694,239.41659989875245,240.04721906940796,40.253777616950785,-0.2537378579032179,-0.015934551412897846,-0.23780330649032005,hold,hold,hold,hold
2025-08-04 13:57:00-04:00,239.18,239.18,239.045,239.07,7873.0,238.80502606568004,239.35708,239.90913393431995,238.8315364502656,239.38359038458555,239.9356443189055,38.852265561764646,-0.24953180065554648,-0.009382795332181115,-0.24014900532336536,hold,hold,hold,hold
2025-08-04 13:58:00-04:00,239.02,239.02,238.91,239.0,10223.0,238.82444924267858,239.30608,239.78771075732143,238.86542720968455,239.34705796700598,239.8286887243274,37.44814254229587,-0.2489768349982171,-0.007062263739881364,-0.24191457125833574,hold,hold,hold,hold
2025-08-04 13:59:00-04:00,238.955,238.9656,238.5601,238.885,25331.0,238.81074578398795,239.25807499999996,239.70540421601197,238.85572323032673,239.30305244633874,239.75038166235075,35.19760429063298,-0.25487847916986084,-0.010371126329220048,-0.2445073528406408,hold,hold,hold,hold
2025-08-04 14:00:00-04:00,238.9347,239.04,238.83,238.945,35961.0,238.8162168030072,239.21682500000003,239.61743319699286,238.86834401636125,239.26895221335408,239.66956041034692,37.31432009180484,-0.25181135162151236,-0.005843199024697265,-0.2459681525968151,hold,hold,hold,hold
2025-08-04 14:01:00-04:00,238.945,239.0366,238.8975,238.94,17242.0,238.8100601082526,239.18292499999998,239.55578989174737,238.8647585393825,239.2376234311299,239.61048832287727,37.2052566417093,-0.24693754682866143,-0.0007755153854770436,-0.24616203144318438,hold,hold,hold,hold
2025-08-04 14:02:00-04:00,238.94,239.2999,238.8811,239.2382,28922.0,238.81784971988577,239.172835,239.5278202801142,238.88269306233664,239.23767834245086,239.59266362256508,47.13030867422616,-0.21651690151429648,0.023716103943110328,-0.2402330054574068,hold,hold,hold,sell
2025-08-04 14:03:00-04:00,239.235,239.3,239.12,239.12,18618.0,238.81588470053975,239.16083500000005,239.50578529946034,238.88152058180478,239.22647088126507,239.57142118072537,44.151455816671046,-0.1996446933447089,0.03247064969015834,-0.23211534303486725,hold,hold,hold,hold
2025-08-04 14:04:00-04:00,239.145,239.15,239.01,239.065,18765.0,238.8085568236883,239.148335,239.4881131763117,238.87131452578527,239.21109270209698,239.5508708784087,42.79601065811538,-0.18853803801707159,0.03486184401423656,-0.22339988203130814,hold,hold,hold,hold
2025-08-04 14:05:00-04:00,239.065,239.265,239.04,239.255,21495.0,238.8293825173337,239.13683500000002,239.44428748266634,238.90782186685,239.21527434951633,239.52272683218266,48.659699588105774,-0.16253096574592973,0.04869513302830275,-0.21122609877423248,hold,hold,hold,hold
2025-08-04 14:06:00-04:00,239.2532,239.4999,239.22,239.3787,22279.0,238.83184391622686,239.13577,239.43969608377316,238.9269126134083,239.23083869718144,239.5347647809546,52.102103517942446,-0.13043504341675316,0.06463284428598348,-0.19506788770273664,hold,hold,hold,hold
2025-08-04 14:07:00-04:00,239.43,239.55,239.31,239.48,27047.0,238.81121758682949,239.14727,239.4833224131705,238.9185159318984,239.25456834506892,239.59062075823942,54.77630366696265,-0.0957213146013487,0.07947725848111037,-0.17519857308245906,hold,hold,hold,hold
2025-08-04 14:08:00-04:00,239.48,239.5799,239.4,239.4458,24885.0,238.80563646877238,239.14981000000003,239.49398353122768,238.92860735240612,239.27278088363377,239.61695441486142,53.68651072654164,-0.07016131265652348,0.08402980834074847,-0.15419112099727195,hold,hold,hold,hold
2025-08-04 14:09:00-04:00,239.41,239.48,239.26,239.33,18916.0,238.8032543136183,239.15406000000002,239.50486568638172,238.92742463690598,239.2782303232877,239.6290360096694,50.055167312437355,-0.05857371782616383,0.0764939225368865,-0.13506764036305033,hold,hold,hold,hold
2025-08-04 14:10:00-04:00,239.35,239.47,239.33,239.365,22620.0,238.8213806854488,239.17356,239.52573931455123,238.93431478747095,239.28649410202217,239.6386734165734,51.13108490609061,-0.046035588339975675,0.07122564161845972,-0.1172612299584354,hold,hold,hold,hold
2025-08-04 14:11:00-04:00,239.3,239.3,239.1301,239.1498,18596.0,238.81951515502683,239.17180000000002,239.5240848449732,238.9211907711421,239.2734756161153,239.62576046108848,44.74812398669838,-0.05285459699507555,0.051525306370687876,-0.10437990336576343,hold,hold,hold,hold
2025-08-04 14:12:00-04:00,239.14,239.16,238.9312,239.02,31933.0,238.80401718422925,239.1598,239.51558281577073,238.89355226547644,239.24933508124718,239.60511789701792,41.391766239270815,-0.06794920950838446,0.02914455508590319,-0.09709376459428765,hold,hold,hold,hold
2025-08-04 14:13:00-04:00,238.99,238.9983,238.87,238.92,16594.0,238.77616603554625,239.1413,239.50643396445375,238.85283587096038,239.21796983541412,239.58310379986787,38.96683969111411,-0.08697833088484686,0.008092346967552635,-0.09507067785239949,hold,hold,hold,hold
2025-08-04 14:14:00-04:00,238.92,238.925,238.74,238.875,26037.0,238.74383475076414,239.12655,239.50926524923588,238.80259079232928,239.18530604156516,239.56802129080103,37.89107146485016,-0.10448572420386881,-0.007532037081175447,-0.09695368712269337,hold,hold,hold,buy
2025-08-04 14:15:00-04:00,238.875,238.99,238.875,238.94,12829.0,238.7487675702617,239.128125,239.50748242973833,238.7825861316778,239.1619435614161,239.54130099115443,40.44849013461301,-0.11182643721215868,-0.011898200071572246,-0.09992823714058643,hold,hold,hold,hold
2025-08-04 14:16:00-04:00,238.94,239.365,238.85,239.355,28486.0,238.74680860320262,239.138875,239.5309413967974,238.7882634921029,239.1803298889003,239.5723962856977,53.58843235345327,-0.08319791962935597,0.013384254008984381,-0.09658217363834035,hold,hold,hold,sell
2025-08-04 14:17:00-04:00,239.3198,239.39,239.19,239.215,13300.0,238.75405860320257,239.14612499999998,239.5381913967974,238.79156540744572,239.18363180424313,239.57569820104055,49.6115046198259,-0.07098813611429478,0.02047523001923647,-0.09146336613353125,hold,hold,hold,hold
2025-08-04 14:18:00-04:00,239.215,239.27,239.1714,239.24,9247.0,238.77001153785557,239.15812499999998,239.5462384621444,238.8008867416946,239.18900020383902,239.57711366598343,50.320511450392694,-0.05861878280629185,0.026275666661791527,-0.08489444946808337,hold,hold,hold,hold
2025-08-04 14:19:00-04:00,239.2412,239.7499,239.2412,239.56,34618.0,238.78757676911374,239.19187500000004,239.59617323088634,238.8200352868728,239.2243335177591,239.6286317486454,58.39101765903326,-0.022732608188277936,0.04972947302384435,-0.07246208121212229,hold,hold,hold,hold
2025-08-04 14:20:00-04:00,239.57,239.96,239.56,239.9408,31032.0,238.73814820673692,239.24166499999995,239.745181793263,238.78905162756664,239.29256842082967,239.7960852140927,65.56083262331589,0.03601960962569706,0.08678535267025547,-0.05076574304455842,sell,sell,hold,hold
2025-08-04 14:21:00-04:00,239.92,240.0,239.6501,239.7025,29636.0,238.75826481019806,239.27979,239.80131518980193,238.81008433380586,239.3316095236078,239.85313471340973,58.73958924942886,0.06263038301693769,0.0907169008491969,-0.028086517832259204,hold,hold,hold,hold
2025-08-04 14:22:00-04:00,239.65,239.665,239.5012,239.59,18150.0,238.75918766040576,239.29738000000003,239.8355723395943,238.81802580081276,239.35621814040704,239.8944104800013,55.78853492438022,0.07379118401559026,0.08150216147827957,-0.007710977462689311,hold,hold,hold,hold
2025-08-04 14:23:00-04:00,239.5655,239.69,239.4677,239.6455,21717.0,238.7715370181356,239.323655,239.8757729818644,238.8316508118372,239.3837687937016,239.935886775566,56.93792230167637,0.08612182657566336,0.07506624323068214,0.011055583344981221,hold,hold,hold,hold
2025-08-04 14:24:00-04:00,239.715,239.715,239.5,239.595,19544.0,238.79936429029433,239.350155,239.90094570970567,238.85309534173862,239.4038860514443,239.95467676114995,55.52346082690367,0.09077265107057997,0.063773654180479,0.02699899689010097,hold,hold,hold,hold
2025-08-04 14:25:00-04:00,239.595,239.9,239.59,239.9,25666.0,238.78418667371926,239.38240499999998,239.9806233262807,238.85291667264508,239.4511349989258,240.0493533252065,61.71024836047595,0.11771249759996749,0.07257080056789321,0.04514169703207428,hold,hold,hold,hold
2025-08-04 14:26:00-04:00,239.9,240.07,239.87,239.97,23376.0,238.7612629688422,239.41196999999997,240.06267703115773,238.84984368215603,239.5005507133138,240.15125774447156,62.98292818926024,0.14306180758620712,0.07833608844330628,0.06472571914290084,hold,hold,hold,hold
2025-08-04 14:27:00-04:00,239.936,239.99,239.701,239.74,18153.0,238.75913311276844,239.42496999999997,240.0908068872315,238.8575185200524,239.52335540728393,240.18919229451546,56.35492147313316,0.14294446575107145,0.06257499728653648,0.08036946846453497,hold,hold,hold,hold
2025-08-04 14:28:00-04:00,239.74,239.84,239.71,239.7915,26853.0,238.75747346848925,239.442255,240.12703653151073,238.86411145603188,239.54889298754262,240.23367451905335,57.43505208516161,0.14533179661242457,0.05196986251831168,0.09336193409411289,hold,hold,hold,hold
2025-08-04 14:29:00-04:00,239.8,239.9,239.8,239.87,18673.0,238.76208976761208,239.46925499999998,240.17642023238787,238.87230937538874,239.57947460777663,240.28663984016453,59.09672738087781,0.15180811798117588,0.04675694710965039,0.10505117087152549,hold,hold,hold,hold
2025-08-04 14:30:00-04:00,239.88,239.9782,239.87,239.9384,21652.0,238.7640037675109,239.49792499999998,240.23184623248906,238.8797367459755,239.61365797846457,240.34757921095365,60.542162059503504,0.1606085621534703,0.04444591302555584,0.11616264912791446,hold,hold,hold,hold
2025-08-04 14:31:00-04:00,239.9223,239.99,239.87,239.925,18064.0,238.79853092861762,239.53668499999998,240.27483907138233,238.9051555281808,239.64330959956317,240.38146367094552,60.09413332404756,0.16460425417275815,0.03875328403587494,0.1258509701368832,hold,hold,hold,hold
2025-08-04 14:32:00-04:00,239.925,239.96,239.585,239.635,52400.0,238.86769956921322,239.56743500000002,240.26717043078682,238.94278277834178,239.64251820912858,240.34225363991538,51.25409069744394,0.1427250470178194,0.01349926150474895,0.12922578551307046,hold,hold,hold,hold
2025-08-04 14:33:00-04:00,239.62,240.1,239.62,240.0,42464.0,238.96450749022557,239.62143500000002,240.27836250977447,239.01963658419905,239.6765640939735,240.33349160374794,59.357725138682355,0.15307353090477704,0.01907819631336527,0.13399533459141177,hold,hold,hold,hold
2025-08-04 14:34:00-04:00,240.0,240.23,239.9201,240.18,18775.0,239.08212777930166,239.68668500000004,240.29124222069842,239.11995315003955,239.72451037073793,240.3290675914363,62.65488350987581,0.1737958640822228,0.031840423592648825,0.14195544048957398,hold,hold,hold,hold
2025-08-04 14:35:00-04:00,240.14,240.29,240.1,240.26,25384.0,239.20287071035426,239.75268499999999,240.3024992896457,239.2256950934029,239.77550938304861,240.32532367269434,64.05078068422931,0.19443249703800802,0.04198164523874723,0.1524508517992608,hold,hold,hold,hold
2025-08-04 14:36:00-04:00,240.21,240.29,240.01,240.01,12681.0,239.25664673131521,239.785435,240.3142232686848,239.26905355407348,239.79784182275827,240.32663009144306,56.89395499666208,0.18844202431628787,0.02879293801362165,0.15964908630266622,hold,hold,hold,hold
2025-08-04 14:37:00-04:00,240.1,240.1,239.9,239.9073,20366.0,239.35883937783402,239.82004999999998,240.28126062216595,239.34705578890103,239.808266411067,240.26947703323296,54.21402892628108,0.1734085539580974,0.011007574124344943,0.16240097983375246,hold,hold,hold,hold
2025-08-04 14:38:00-04:00,239.95,240.08,239.81,239.8159,26128.0,239.47186957122682,239.84884500000004,240.22582042877326,239.43201799076357,239.8089934195368,240.18596884831,51.87221740904417,0.15236286004255817,-0.008030495832955453,0.16039335587551362,hold,hold,hold,buy
2025-08-04 14:39:00-04:00,239.86,239.97,239.72,239.9001,16813.0,239.51258958331172,239.86585,240.21911041668827,239.46440982003548,239.81767023672376,240.17093065341203,53.84993008381352,0.140854548740748,-0.015631045707812513,0.1564855944485605,hold,hold,hold,hold
2025-08-04 14:40:00-04:00,239.88,240.25,239.86,240.235,29554.0,239.49318649858466,239.88056,240.26793350141534,239.470042427049,239.85741592846435,240.2447894298797,60.757316893195295,0.1569485550001275,0.000370368441253599,0.1565781865588739,hold,hold,hold,sell
2025-08-04 14:41:00-04:00,240.235,240.36,240.18,240.36,33217.0,239.48289274063538,239.91343500000002,240.34397725936466,239.47473881876977,239.9052810781344,240.33582333749905,62.984251663781805,0.17774074161360431,0.016930044043784342,0.16081069756981997,sell,sell,hold,hold
2025-08-04 14:42:00-04:00,240.315,240.36,240.1194,240.3287,22376.0,239.51050999454503,239.95037000000002,240.390230005455,239.50574668428567,239.94560668974066,240.38546669519565,62.03494998864361,0.18950851469691088,0.022958253701672704,0.16655026099523818,hold,hold,hold,hold
2025-08-04 14:43:00-04:00,240.31,240.36,240.1,240.1117,27845.0,239.55187467713307,239.97368,240.39548532286693,239.5396197773746,239.96142510024154,240.38323042310847,55.760196759371375,0.17925809742948218,0.010166269147395185,0.169091828282087,hold,hold,hold,hold
2025-08-04 14:44:00-04:00,240.15,240.21,240.03,240.11,26179.0,239.61173888532375,239.99943,240.38712111467623,239.5878839760185,239.97557509069475,240.363266205371,55.71265361189402,0.16904870387315896,-3.449952714246196e-05,0.16908320340030142,hold,hold,hold,buy
2025-08-04 14:45:00-04:00,240.11,240.5999,240.06,240.52,31427.0,239.5846926778035,240.03043000000002,240.47616732219655,239.58168775986064,240.02742508205716,240.47316240425369,63.74210446555278,0.19182996300855848,0.018197407686605632,0.17363255532195285,sell,sell,hold,sell
2025-08-04 14:46:00-04:00,240.4716,240.67,240.35,240.61,43265.0,239.5515134897961,240.06243,240.57334651020392,239.57199189737162,240.08290840757553,240.59382491777944,65.23224151741195,0.21467191859312607,0.032831490616938575,0.1818404279761875,sell,sell,hold,hold
2025-08-04 14:47:00-04:00,240.54,240.67,240.49,240.49,11010.0,239.5791789266464,240.09993000000003,240.62068107335367,239.60092796207184,240.12167903542547,240.6424301087791,61.59721078317346,0.22054898443755633,0.030966845169095064,0.18958213926846126,hold,hold,hold,hold
2025-08-04 14:48:00-04:00,240.53,240.62,240.48,240.547,8770.0,239.60252056272722,240.137705,240.6728894372728,239.6270013566836,240.16218579395638,240.69737023122917,62.661550712617924,0.22718715301155612,0.030084010994475857,0.19710314201708026,hold,hold,hold,hold
2025-08-04 14:49:00-04:00,240.565,240.5999,240.4299,240.46,23677.0,239.629261692672,240.16720500000002,240.70514830732805,239.6526057443468,240.19054905167482,240.72849235900284,59.931313010136556,0.22285879901099293,0.020604525595130097,0.20225427341586283,hold,hold,hold,hold
2025-08-04 14:50:00-04:00,240.46,240.87,240.46,240.675,34918.0,239.6338964088671,240.20403500000003,240.77417359113298,239.66654864609666,240.2366872372296,240.80682582836255,64.09482878070276,0.2340789342069911,0.025459728632902606,0.2086192055740885,hold,hold,hold,hold
2025-08-04 14:51:00-04:00,240.7299,240.7299,240.4,240.625,23551.0,239.65591561848444,240.239035,240.82215438151556,239.69055002359693,240.27366940511249,240.85678878662804,62.46914200982844,0.23621346823000522,0.022075410124733352,0.21413805810527187,hold,hold,hold,hold
2025-08-04 14:52:00-04:00,240.625,240.72,240.53,240.72,20773.0,239.74414952209034,240.29328500000003,240.8424204779097,239.76704160290637,240.31617708081606,240.86531255872575,64.32082634122729,0.2427722801485288,0.02290737763460554,0.21986490251392327,hold,hold,hold,hold
2025-08-04 14:53:00-04:00,240.7,240.8,240.64,240.77,11425.0,239.76269011063695,240.331785,240.90087988936304,239.7903034218515,240.35939831121453,240.92849320057758,65.2914394315391,0.24913291877246024,0.02341441300682956,0.22571850576563068,hold,hold,hold,hold
2025-08-04 14:54:00-04:00,240.775,241.15,240.775,240.97,45209.0,239.7432054404702,240.37128500000003,240.99936455952985,239.7894712934738,240.41755085300363,241.04563041253346,68.93215807880463,0.2672316194747282,0.03321049096727799,0.2340211285074502,hold,hold,hold,hold
2025-08-04 14:55:00-04:00,241.04,241.09,240.95,241.03,29454.0,239.72213744994315,240.409785,241.09743255005685,239.7882317931369,240.47587934319375,241.1635268932506,69.95050018370009,0.2831524633927529,0.039305067908242175,0.24384739548451073,hold,hold,hold,hold
2025-08-04 14:56:00-04:00,241.03,241.0717,240.88,240.9,18834.0,239.76071835352744,240.45428500000003,241.14785164647262,239.82270514022653,240.51627178669912,241.2098384331717,64.98064836889765,0.28202887998500614,0.030545187600396317,0.2514836923846098,hold,hold,hold,hold
2025-08-04 14:57:00-04:00,240.8899,241.01,240.71,240.91,50120.0,239.83160699893713,240.50442000000004,241.17723300106294,239.8809567107125,240.5537697117754,241.2265827128383,65.18555378493656,0.2787322960617473,0.02179888294170995,0.25693341312003737,hold,hold,hold,hold
2025-08-04 14:58:00-04:00,240.89,240.9899,240.89,240.89,15232.0,239.9448853604631,240.55812499999996,241.17136463953682,239.97255200445042,240.58579164398728,241.19903128352414,64.37427085390559,0.2713776243718655,0.011555369001462534,0.259822255370403,hold,hold,hold,hold
2025-08-04 14:59:00-04:00,240.942,240.942,240.82,240.855,19448.0,240.0600018030886,240.60587,241.15173819691142,240.0655623381247,240.6114305350361,241.15729873194752,62.89894792310065,0.2597307719154571,-7.318676395667856e-05,0.2598039586794138,hold,hold,hold,buy
2025-08-04 15:00:00-04:00,240.855,241.0099,240.77,240.885,16500.0,240.1075019482213,240.63837000000004,241.16923805177876,240.10661671801583,240.63748476979455,241.16835282157328,63.667560042255786,0.25003901261862893,-0.007811956848627899,0.25785096946725683,hold,hold,hold,hold
2025-08-04 15:01:00-04:00,240.885,241.01,240.63,240.6946,17890.0,240.139507420535,240.6551,241.170692579465,240.12733173606344,240.64292431552843,241.15851689499343,55.77065173695384,0.22440770248442732,-0.02675461358626363,0.25116231607069095,hold,hold,hold,hold
2025-08-04 15:02:00-04:00,240.705,240.8199,240.65,240.8199,15337.0,240.18211869558462,240.67966,241.1772013044154,240.16223783820558,240.65977914262098,241.15732044703637,59.344431137592345,0.21176428055613883,-0.03151842841164171,0.24328270896778054,hold,hold,hold,hold
2025-08-04 15:03:00-04:00,240.8,241.07,240.68,241.07,31112.0,240.27555585051695,240.72757500000003,241.1795941494831,240.24682864622162,240.6988477957047,241.15086694518777,65.36077525868494,0.2193961946515799,-0.019109211452960517,0.2385054061045404,hold,hold,hold,hold
2025-08-04 15:04:00-04:00,241.0793,241.15,240.98,241.07,21451.0,240.3983794121422,240.77557500000003,241.15277058785787,240.35700003682737,240.7341956246852,241.11139121254305,65.36077525868494,0.22287537299240512,-0.012504026489708248,0.23537939948211337,hold,hold,hold,hold
2025-08-04 15:05:00-04:00,241.1,241.1,240.74,240.84,19279.0,240.43238297405924,240.79157500000002,241.1507670259408,240.38508020591726,240.74427223185805,241.10346425779883,56.450981786159375,0.2047137563307615,-0.02453251452108149,0.229246270851843,hold,hold,hold,hold
2025-08-04 15:06:00-04:00,240.86,241.22,240.8414,241.14,46537.0,240.43873872240522,240.818075,241.19741127759477,240.40262431313394,240.78196059072872,241.1612968683235,63.44971328739866,0.21208327311916264,-0.0137303981861443,0.22581367130530694,hold,hold,hold,hold
2025-08-04 15:07:00-04:00,241.14,241.225,241.07,241.0808,24196.0,240.48335711182256,240.847615,241.21187288817742,240.44616359867237,240.8104214868498,241.17467937502724,61.35429341487354,0.2107177005389076,-0.012076776613119483,0.22279447715202708,hold,hold,hold,hold
2025-08-04 15:08:00-04:00,241.1,241.22,241.07,241.17,12624.0,240.51611494678133,240.87876500000002,241.2414150532187,240.4820170063121,240.8446670595308,241.20731711274948,63.31991348007101,0.21436213569066354,-0.006745873169090866,0.2211080088597544,hold,hold,hold,hold
2025-08-04 15:09:00-04:00,241.1508,241.45,241.1508,241.295,39699.0,240.56820788809398,240.92051499999997,241.27282211190595,240.53524879909807,240.88755591100406,241.23986302291004,65.93472318941956,0.22474609900683618,0.0029104721176654025,0.22183562688917077,sell,sell,hold,sell
2025-08-04 15:10:00-04:00,241.295,241.38,241.1947,241.38,22226.0,240.56934577027718,240.95576499999999,241.3421842297228,240.54803611832847,240.93445534805127,241.32087457777408,67.62483458371517,0.23710110047670696,0.012212378870028934,0.22488872160667803,sell,sell,hold,hold
2025-08-04 15:11:00-04:00,241.39,241.58,241.38,241.46,54538.0,240.58361034781592,240.99751499999996,241.411419652184,240.5706025674814,240.98450721966543,241.39841187184948,69.17494628306288,0.2504607044718341,0.020457586292124852,0.23000311817970925,sell,sell,hold,hold
2025-08-04 15:12:00-04:00,241.445,241.56,241.34,241.5,26686.0,240.58893441384856,241.03651499999995,241.48409558615134,240.5860211840221,241.03360177017348,241.48118235632487,69.94968405138371,0.26126426082737453,0.02500891411813222,0.2362553467092423,sell,sell,hold,hold
2025-08-04 15:13:00-04:00,241.49,241.51,241.3904,241.415,19443.0,240.6098398850851,241.06876499999998,241.52769011491486,240.61100029619445,241.06992541110932,241.5288505260242,66.14522427095324,0.2599705883329193,0.018972193298941564,0.24099839503397774,hold,hold,hold,hold
2025-08-04 15:14:00-04:00,241.3701,241.5,241.35,241.4,27865.0,240.61198089917744,241.090265,241.56854910082254,240.62307698541923,241.10136108624178,241.57964518706433,65.46852329653008,0.2547978182779502,0.011039538595177978,0.24375827968277225,hold,hold,hold,hold
2025-08-04 15:15:00-04:00,241.41,241.48,241.3601,241.38,26115.0,240.61421299554695,241.10776500000003,241.6013170044531,240.63434612119423,241.1278981256473,241.62145013010038,64.52071415243017,0.246245957770185,0.0019901424699301784,0.2442558153002548,hold,hold,hold,hold
2025-08-04 15:16:00-04:00,241.41,241.41,241.0453,241.2,29450.0,240.6372119327667,241.122765,241.60831806723328,240.64921190359044,241.13476497082374,241.62031803805704,56.581299898028185,0.22238058605870492,-0.017500183393239943,0.23988076945194486,hold,hold,hold,buy
2025-08-04 15:17:00-04:00,241.24,241.45,241.1613,241.39,19781.0,240.65820906553628,241.14676499999996,241.63532093446364,240.67051713437684,241.1590730688405,241.6476290033042,61.909405535009135,0.21630508872283372,-0.018860544583288952,0.23516563330612267,hold,hold,hold,hold
2025-08-04 15:18:00-04:00,241.385,241.48,241.34,241.375,27581.0,240.6877270515679,241.17101499999998,241.65430294843208,240.69634959004267,241.17963753847476,241.66292548690686,61.270160491969186,0.20788348723496597,-0.02182571685692536,0.22970920409189133,hold,hold,hold,hold
2025-08-04 15:19:00-04:00,241.375,241.38,241.1401,241.1401,17647.0,240.72378059340468,241.18527,241.64675940659532,240.7143826520247,241.17587205862003,241.63736146521535,52.18321347257202,0.18017786228307386,-0.03962507344705396,0.21980293573012782,hold,hold,hold,hold
2025-08-04 15:20:00-04:00,241.19,241.32,241.15,241.23,19608.0,240.7618954859296,241.20251999999996,241.64314451407031,240.74040258658587,241.18102710065622,241.62165161472657,54.9377181605893,0.16358937706684173,-0.04497084693062889,0.20856022399747062,hold,hold,hold,hold
2025-08-04 15:21:00-04:00,241.2172,241.2172,241.0501,241.0673,22621.0,240.84060112221167,241.221155,241.60170887778835,240.78964207042443,241.17019594821278,241.55074982600112,49.39229284157712,0.13574951683114023,-0.058248565733064334,0.19399808256420456,hold,hold,hold,hold
2025-08-04 15:22:00-04:00,241.075,241.18,241.05,241.14,46900.0,240.90113511163642,241.23716,241.57318488836356,240.83129525525752,241.16732014362108,241.50334503198465,51.73659580358083,0.1181900876797215,-0.06064639590758647,0.17883648358730797,hold,hold,hold,hold
2025-08-04 15:23:00-04:00,241.11,241.5,241.11,241.4376,28693.0,240.91788903583762,241.25553999999997,241.59319096416232,240.8554101181615,241.19306108232385,241.5307120464862,59.921157776633834,0.12682597552202424,-0.04160840645222699,0.16843438197425123,hold,hold,hold,hold
2025-08-04 15:24:00-04:00,241.38,241.59,241.16,241.23,43446.0,240.93643510306362,241.26354,241.5906448969364,240.8694741775471,241.19657907448348,241.52368397141987,53.150042435863256,0.11558599049223517,-0.042278713185612854,0.15786470367784802,hold,hold,hold,hold
2025-08-04 15:25:00-04:00,241.22,241.36,241.185,241.215,20360.0,241.01736479621636,241.28228999999996,241.54721520378357,240.9334082445586,241.1983334483422,241.4632586521258,52.686776637853626,0.10426593395331452,-0.04287901577962683,0.14714494973294134,hold,hold,hold,hold
2025-08-04 15:26:00-04:00,241.28,241.35,241.07,241.105,24762.0,241.0114486147797,241.28054000000003,241.54963138522035,240.92035316327977,241.1894445485001,241.4585359337204,49.29362338742334,0.08543379924100236,-0.049368920393551174,0.13480271963455354,hold,hold,hold,hold
2025-08-04 15:27:00-04:00,241.105,241.105,240.6772,240.7186,39164.0,240.9070789279603,241.26243,241.6177810720397,240.789251138508,241.1446022105477,241.4999532825874,39.63688478467906,0.03888174156904256,-0.07673678245240878,0.11561852402145134,buy,buy,hold,hold
2025-08-04 15:28:00-04:00,240.72,240.76,240.57,240.57,28754.0,240.76675029848857,241.23242999999997,241.69810970151136,240.62419848898415,241.08987819049554,241.55555789200693,36.662303403515594,-0.009887896112019234,-0.10040513610677645,0.09051723999475722,buy,buy,hold,hold
2025-08-04 15:29:00-04:00,240.59,240.88,240.5509,240.8773,33711.0,240.72210316086105,241.21154500000003,241.700986839139,240.5801908094046,241.06963264854357,241.55907448768255,45.7321043610475,-0.02347108351327165,-0.0911906588064231,0.06771957529315145,hold,hold,hold,hold
2025-08-04 15:30:00-04:00,240.845,240.95,240.77,240.938,47362.0,240.6925651051565,241.18944500000003,241.68632489484358,240.5602163109816,241.05709620582513,241.55397610066868,47.33630122565772,-0.02900353992723126,-0.07737849217630617,0.04837495224907491,hold,hold,hold,hold
2025-08-04 15:31:00-04:00,240.875,240.9148,240.8297,240.89,13552.0,240.66402036798857,241.160945,241.65786963201143,240.5442576494494,241.04118228146083,241.53810691347226,46.1739198144438,-0.036836620708214696,-0.06816925836583168,0.03133263765761699,hold,hold,hold,hold
2025-08-04 15:32:00-04:00,240.875,241.0799,240.82,240.84,39423.0,240.63785565110567,241.127945,241.61803434889435,240.53193271528448,241.02202206417883,241.51211141307317,44.93608409652736,-0.04654246324938072,-0.06230008072559817,0.015757617476217452,hold,hold,hold,hold
2025-08-04 15:33:00-04:00,240.84,240.85,240.69,240.73,35186.0,240.5930082217647,241.09369500000003,241.59438177823534,240.49352366078364,240.99421043901896,241.49489721725428,42.25243707019244,-0.06239128617193046,-0.06251912291851833,0.00012783674658786888,hold,hold,hold,hold
2025-08-04 15:34:00-04:00,240.755,240.8556,240.63,240.85,32687.0,240.57550655515982,241.06619499999996,241.5568834448401,240.4897876666532,240.98047611149335,241.4711645563335,46.03849673653888,-0.06452479374743803,-0.051722104395220715,-0.01280268935221731,hold,hold,hold,hold
2025-08-04 15:35:00-04:00,240.82,240.85,240.695,240.76,23347.0,240.5494095433428,241.035195,241.52098045665718,240.473692929932,240.9594783865892,241.4452638432464,43.723174584664285,-0.07264050716136694,-0.04787025424731971,-0.024770252914047237,hold,hold,hold,hold
2025-08-04 15:36:00-04:00,240.8,241.19,240.778,240.885,84759.0,240.53563219539512,241.019445,241.50325780460486,240.46857240230918,240.95238520691404,241.4361980115189,47.660253283410135,-0.06819965006786788,-0.03474351772305651,-0.033456132344811366,hold,hold,hold,hold
2025-08-04 15:37:00-04:00,240.885,241.04,240.7604,241.03,26989.0,240.54830163427607,241.00144500000002,241.45458836572396,240.5066337262459,240.95977709196984,241.4129204576938,51.866855198796024,-0.05237619052090281,-0.015136046540873152,-0.03724014398002966,hold,hold,hold,hold
2025-08-04 15:38:00-04:00,241.07,241.27,241.035,241.22,38735.0,240.56155700132413,240.99369500000003,241.42583299867593,240.55242222739204,240.98456022606794,241.41669822474384,56.76980326050958,-0.024225318334288204,0.010411860516593166,-0.03463717885088137,hold,hold,hold,sell
2025-08-04 15:39:00-04:00,241.225,241.3585,241.1272,241.315,20352.0,240.55210918204543,241.00243999999998,241.45277081795453,240.56569986277358,241.01603068072814,241.4663614986827,59.01763971389732,0.005684627889792182,0.032257445392538844,-0.026572817502746662,hold,hold,hold,hold
2025-08-04 15:40:00-04:00,241.315,241.47,241.15,241.24,52171.0,240.55157863080717,241.00294,241.45430136919282,240.58599972289454,241.03736109208737,241.4887224612802,56.51905140466493,0.02307065837428013,0.03971478070162143,-0.016644122327341304,hold,hold,hold,hold
2025-08-04 15:41:00-04:00,241.24,241.36,241.12,241.34,40042.0,240.5423631491362,241.01657499999996,241.4907868508637,240.59197199435815,241.0661838452219,241.54039569608565,59.010808149692615,0.04440648672112957,0.048840487238776695,-0.0044340005176471305,hold,hold,hold,hold
2025-08-04 15:42:00-04:00,241.29,241.57,241.29,241.3445,54611.0,240.5339319730398,241.0268,241.5196680269602,240.59982211871676,241.09269014567695,241.58555817263715,59.124327198524036,0.06097550908151561,0.052327607679330194,0.008647901402185418,hold,hold,hold,hold
2025-08-04 15:43:00-04:00,241.355,241.3691,241.17,241.28,26702.0,240.5480259201905,241.01891999999998,241.48981407980946,240.63963509961252,241.110529179422,241.58142325923149,56.70041165332426,0.06811676011511736,0.04757508697034555,0.02054167314477181,hold,hold,hold,hold
2025-08-04 15:44:00-04:00,241.3,241.46,241.265,241.33,36919.0,240.5421685761312,241.02392,241.50567142386882,240.64967973846538,241.1314311623342,241.613182586203,58.13330837432268,0.07692410197770982,0.045105943066350414,0.03181815891135941,hold,hold,hold,hold
2025-08-04 15:45:00-04:00,241.305,241.442,241.3,241.405,29758.0,240.5299664128645,241.03342000000004,241.53687358713557,240.65403175021447,241.15748533735,241.66093892448555,60.257818318288045,0.08893071908397587,0.04569004813809317,0.0432406709458827,hold,hold,hold,hold
2025-08-04 15:46:00-04:00,241.405,241.59,241.33,241.42,51216.0,240.51875757141292,241.04917,241.5795824285871,240.6520743052058,241.18248673379287,241.71289916237995,60.68748886987454,0.09852073853667775,0.044224054072636035,0.05429668446404172,hold,hold,hold,hold
2025-08-04 15:47:00-04:00,241.39,241.54,241.32,241.5,33154.0,240.5459986168507,241.08823999999998,241.63048138314926,240.67048470933,241.21272609247927,241.75496747562855,62.98593375502427,0.1112933094635764,0.04559729999962775,0.06569600946394866,hold,hold,hold,hold
2025-08-04 15:48:00-04:00,241.5093,241.5093,241.3201,241.37,49220.0,240.62845112697497,241.12824,241.62802887302504,240.72791568683715,241.2277045598622,241.72749343288723,57.13966169259746,0.10966163928418382,0.03517250385618813,0.07448913542799569,hold,hold,hold,hold
2025-08-04 15:49:00-04:00,241.42,241.45,241.3,241.345,27339.0,240.65725237990497,241.15162500000002,241.64599762009507,240.74450293406596,241.238875554161,241.73324817425606,56.06199286364273,0.10513925792670875,0.02452009799897044,0.08061915992773831,hold,hold,hold,hold
2025-08-04 15:50:00-04:00,241.3,241.345,240.88,240.925,59198.0,240.65544775806504,241.15097499999996,241.64650224193488,240.71345540230598,241.2089826442409,241.70450988617583,41.79907716666576,0.06689363996375164,-0.010980415971189345,0.07787405593494098,hold,hold,hold,buy
2025-08-04 15:51:00-04:00,240.925,240.99,240.3214,240.335,72955.0,240.52155362167156,241.123225,241.72489637832842,240.52407482360383,241.12574620193226,241.7274175802607,30.182418576072564,-0.010898723283190748,-0.07101822337450539,0.060119500091314636,buy,buy,hold,hold
2025-08-04 15:52:00-04:00,240.39,240.59,240.305,240.59,68844.0,240.47652791115488,241.110725,241.74492208884513,240.44052566528404,241.07472275412917,241.7089198429743,38.17931053618697,-0.051381073709876546,-0.08920045904095295,0.0378193853310764,hold,hold,hold,hold
2025-08-04 15:53:00-04:00,240.5455,240.755,240.5455,240.69,45263.0,240.46950551695866,241.108725,241.74794448304132,240.39886300878982,241.03808249183115,241.67730197487248,41.031767131358286,-0.07453526764862772,-0.0898837223837633,0.015348454735135575,hold,hold,hold,hold
2025-08-04 15:54:00-04:00,240.675,240.935,240.58,240.735,69257.0,240.4525784690286,241.10297500000001,241.75337153097144,240.35882096163772,241.00921749260914,241.65961402358056,42.32149008633141,-0.0882368695362743,-0.0828682594171279,-0.005368610119146399,hold,hold,hold,hold
2025-08-04 15:55:00-04:00,240.735,240.76,240.55,240.6,60334.0,240.42428129382736,241.09497500000003,241.7656687061727,240.29955069190225,240.97024439807493,241.6409381042476,39.52834865997763,-0.10873542520852197,-0.08269345207150046,-0.026041973137021515,hold,hold,hold,hold
2025-08-04 15:56:00-04:00,240.685,240.94,240.675,240.915,68113.0,240.42753453366564,241.096475,241.76541546633436,240.29604256049532,240.96498302682969,241.63392349316405,48.13047327777815,-0.09842819190095042,-0.05790897501114312,-0.0405192168898073,hold,hold,hold,hold
2025-08-04 15:57:00-04:00,240.885,241.06,240.8,240.89,82960.0,240.41499153281964,241.089475,241.76395846718034,240.2833583189989,240.95784178617924,241.6323252533596,47.55232426420252,-0.09122533740753624,-0.04056489641418315,-0.050660440993353095,hold,hold,hold,hold
2025-08-04 15:58:00-04:00,240.92,240.99,240.7,240.98,108129.0,240.40416857087604,241.077475,241.75078142912395,240.28664566313347,240.95995209225742,241.63325852138138,49.886130411279474,-0.07736298317584556,-0.02136203374599397,-0.056000949429851586,hold,hold,hold,hold
2025-08-04 15:59:00-04:00,241.0,241.11,240.82,241.06,168293.0,240.40029385420712,241.064725,241.7291561457929,240.3050493186305,240.96948046442338,241.63391161021627,51.93357662171969,-0.05923876851369414,-0.002590255267074043,-0.0566485132466201,hold,hold,hold,hold
2025-08-04 16:00:00-04:00,240.98,241.0,240.49,241.0,924863.0,240.39273534288435,241.052725,241.71271465711567,240.3123974297436,240.97238708685927,241.63237674397493,50.27456720963726,-0.04915012433664856,0.005998711127977237,-0.055148835464625796,hold,hold,hold,sell
